{"train_loss": [4.553232192993164, 4.44449520111084, 4.171733379364014, 3.8227486610412598, 3.1136631965637207, 1.826041340827942, 0.8088378310203552, 0.335647851228714, 0.13454784452915192, 0.08625057339668274, 0.07179692387580872, 0.06562628597021103, 0.06192070618271828, 0.059817567467689514, 0.06076115369796753, 0.060899071395397186, 0.046106092631816864, 0.048159416764974594, 0.050164416432380676, 0.05096179246902466, 0.05075671151280403, 0.04971272870898247, 0.6294782757759094, 0.04604755714535713, 0.041885022073984146, 0.04404498264193535, 0.045450761914253235, 0.045800402760505676, 0.04537317529320717, 0.04468541592359543, 0.045775141566991806, 0.08371436595916748, 0.04326127842068672, 0.04165637865662575, 0.04269469901919365, 0.04388221353292465, 0.044643208384513855, 0.04465331882238388, 0.04560115188360214, 0.052043113857507706, 0.037294670939445496, 0.03935643285512924, 0.04165017604827881, 0.04283793270587921, 0.04320726543664932, 0.04321064427495003, 0.043429628014564514, 0.12399987131357193, 0.03573588654398918, 0.035738132894039154, 0.038429420441389084, 0.040627822279930115, 0.041994933038949966, 0.04266025498509407, 0.042851004749536514, 0.043555259704589844, 0.13099826872348785, 0.034281209111213684, 0.03361821174621582, 0.03602444380521774, 0.0384025014936924, 0.04003562778234482, 0.040940944105386734, 0.04151897132396698, 0.042009882628917694, 0.09044916182756424, 0.029161253944039345, 0.03070785664021969, 0.0339682400226593, 0.03664932772517204], "test_loss": [4.624104976654053, 4.857720375061035, 5.329944133758545, 5.410593509674072, 5.175818920135498, 3.7357630729675293, 2.2719645500183105, 1.2894091606140137, 0.576388955116272, 0.32140761613845825, 0.2191542237997055, 0.17002546787261963, 0.13788408041000366, 0.11768295615911484, 0.10854391008615494, 0.08855585008859634, 0.0651349127292633, 0.06616102159023285, 0.06719262897968292, 0.06662645936012268, 0.0649324283003807, 0.062110044062137604, 0.742560088634491, 0.05637722089886665, 0.04952928423881531, 0.051179781556129456, 0.052204541862010956, 0.05212301015853882, 0.05121903121471405, 0.05000288039445877, 0.05084460228681564, 0.0984155535697937, 0.049478061497211456, 0.04661458730697632, 0.04708545282483101, 0.047833219170570374, 0.04833529517054558, 0.04822133854031563, 0.048910949379205704, 0.05956102907657623, 0.04143325984477997, 0.04300445690751076, 0.04503679275512695, 0.045967742800712585, 0.04609408229589462, 0.04591483622789383, 0.046052347868680954, 0.14376819133758545, 0.03988301753997803, 0.03886357322335243, 0.041270602494478226, 0.04329117387533188, 0.044484943151474, 0.045077644288539886, 0.04523928463459015, 0.04605158790946007, 0.15161529183387756, 0.038864243775606155, 0.03685929253697395, 0.038770642131567, 0.04085933417081833, 0.04232751578092575, 0.0431094728410244, 0.04362280294299126, 0.044064197689294815, 0.10487692058086395, 0.032526589930057526, 0.033409178256988525, 0.036505963653326035, 0.03906068205833435], "train_acc": [0.015816327184438705, 0.04115646332502365, 0.09132653474807739, 0.19166666269302368, 0.37840136885643005, 0.6899660229682922, 0.9275510311126709, 0.9962584972381592, 1.0, 1.0, 1.0, 1.0, 1.0, 1.0, 1.0, 1.0, 1.0, 1.0, 1.0, 1.0, 1.0, 1.0, 0.9755102396011353, 1.0, 1.0, 1.0, 1.0, 1.0, 1.0, 1.0, 1.0, 1.0, 1.0, 1.0, 1.0, 1.0, 1.0, 1.0, 1.0, 1.0, 1.0, 1.0, 1.0, 1.0, 1.0, 1.0, 1.0, 1.0, 1.0, 1.0, 1.0, 1.0, 1.0, 1.0, 1.0, 1.0, 1.0, 1.0, 1.0, 1.0, 1.0, 1.0, 1.0, 1.0, 1.0, 1.0, 1.0, 1.0, 1.0, 1.0], "test_acc": [0.005526036024093628, 0.0023379384074360132, 0.002975557930767536, 0.004250796977430582, 0.02210414409637451, 0.16004250943660736, 0.4116896688938141, 0.675239086151123, 0.9396386742591858, 0.9936237931251526, 0.9995748996734619, 0.999787449836731, 1.0, 1.0, 1.0, 1.0, 1.0, 1.0, 1.0, 1.0, 1.0, 1.0, 0.9551540613174438, 1.0, 1.0, 1.0, 1.0, 1.0, 1.0, 1.0, 1.0, 1.0, 1.0, 1.0, 1.0, 1.0, 1.0, 1.0, 1.0, 1.0, 1.0, 1.0, 1.0, 1.0, 1.0, 1.0, 1.0, 1.0, 1.0, 1.0, 1.0, 1.0, 1.0, 1.0, 1.0, 1.0, 1.0, 1.0, 1.0, 1.0, 1.0, 1.0, 1.0, 1.0, 1.0, 1.0, 1.0, 1.0, 1.0, 1.0], "steps": [50, 100, 150, 200, 250, 300, 350, 400, 450, 500, 550, 600, 650, 700, 750, 800, 850, 900, 950, 1000, 1050, 1100, 1150, 1200, 1250, 1300, 1350, 1400, 1450, 1500, 1550, 1600, 1650, 1700, 1750, 1800, 1850, 1900, 1950, 2000, 2050, 2100, 2150, 2200, 2250, 2300, 2350, 2400, 2450, 2500, 2550, 2600, 2650, 2700, 2750, 2800, 2850, 2900, 2950, 3000, 3050, 3100, 3150, 3200, 3250, 3300, 3350, 3400, 3450, 3500], "forgetting_events_total": [0, 66, 181, 293, 431, 482, 507, 511, 511, 511, 511, 511, 511, 511, 511, 511, 511, 511, 511, 511, 511, 511, 655, 655, 655, 655, 655, 655, 655, 655, 655, 655, 655, 655, 655, 655, 655, 655, 655, 655, 655, 655, 655, 655, 655, 655, 655, 655, 655, 655, 655, 655, 655, 655, 655, 655, 655, 655, 655, 655, 655, 655, 655, 655, 655, 655, 655, 655, 655, 655], "forgetting_events_mean": [0.0, 0.011224489659070969, 0.030782314017415047, 0.049829933792352676, 0.07329931855201721, 0.08197279274463654, 0.08622448891401291, 0.08690476417541504, 0.08690476417541504, 0.08690476417541504, 0.08690476417541504, 0.08690476417541504, 0.08690476417541504, 0.08690476417541504, 0.08690476417541504, 0.08690476417541504, 0.08690476417541504, 0.08690476417541504, 0.08690476417541504, 0.08690476417541504, 0.08690476417541504, 0.08690476417541504, 0.11139456182718277, 0.11139456182718277, 0.11139456182718277, 0.11139456182718277, 0.11139456182718277, 0.11139456182718277, 0.11139456182718277, 0.11139456182718277, 0.11139456182718277, 0.11139456182718277, 0.11139456182718277, 0.11139456182718277, 0.11139456182718277, 0.11139456182718277, 0.11139456182718277, 0.11139456182718277, 0.11139456182718277, 0.11139456182718277, 0.11139456182718277, 0.11139456182718277, 0.11139456182718277, 0.11139456182718277, 0.11139456182718277, 0.11139456182718277, 0.11139456182718277, 0.11139456182718277, 0.11139456182718277, 0.11139456182718277, 0.11139456182718277, 0.11139456182718277, 0.11139456182718277, 0.11139456182718277, 0.11139456182718277, 0.11139456182718277, 0.11139456182718277, 0.11139456182718277, 0.11139456182718277, 0.11139456182718277, 0.11139456182718277, 0.11139456182718277, 0.11139456182718277, 0.11139456182718277, 0.11139456182718277, 0.11139456182718277, 0.11139456182718277, 0.11139456182718277, 0.11139456182718277, 0.11139456182718277]}