{"train_loss": [4.5575714111328125, 4.503226280212402, 4.3656229972839355, 4.150138854980469, 3.859433174133301, 3.2839181423187256, 1.9760360717773438, 0.8010727763175964, 0.3461190462112427, 0.19246597588062286, 0.1325504034757614, 0.0962318480014801, 0.07915739715099335, 0.07085597515106201, 0.06891878694295883, 0.0663512721657753, 0.11240003257989883, 0.06430623680353165, 0.06159886345267296, 0.061628855764865875, 0.06183547154068947, 0.06196378171443939, 0.061197541654109955, 0.06074485182762146, 0.06273698806762695, 0.1238807663321495, 0.0575956366956234, 0.05559582635760307, 0.056747402995824814, 0.05712278187274933, 0.05696512758731842, 0.05636216327548027, 0.05649862438440323, 0.21578349173069, 0.05640735849738121, 0.053238868713378906, 0.05348101258277893, 0.054220620542764664, 0.054436586797237396, 0.054264869540929794, 0.05439862608909607, 0.31027713418006897, 0.05588192120194435, 0.049476396292448044, 0.050191812217235565, 0.051496390253305435, 0.05206919088959694, 0.05298289656639099, 0.05479789152741432, 0.09425375610589981, 0.08336474746465683, 0.044124796986579895, 0.043390922248363495, 0.044927872717380524, 0.047004856169223785, 0.04842257872223854, 0.04919949173927307, 0.05119689181447029, 0.6354920268058777, 0.05944368615746498, 0.04491115361452103, 0.044417448341846466, 0.04561935365200043, 0.04689374938607216, 0.048140913248062134, 0.04935906454920769, 0.050550635904073715, 1.0203208923339844, 0.04761379212141037, 0.03973574936389923, 0.041921135038137436, 0.04422181472182274], "test_loss": [4.61775016784668, 4.708271503448486, 5.058665752410889, 5.387360572814941, 5.393862247467041, 5.107571125030518, 3.5525882244110107, 1.825080156326294, 0.9696452021598816, 0.5928646326065063, 0.3895132541656494, 0.2526789605617523, 0.1819389909505844, 0.1421719789505005, 0.12423589825630188, 0.11022866517305374, 0.1514071375131607, 0.0864264965057373, 0.0812363252043724, 0.07997012883424759, 0.07899866253137589, 0.07802650332450867, 0.07594701647758484, 0.07447313517332077, 0.07576866447925568, 0.14766405522823334, 0.06691058725118637, 0.06366748362779617, 0.06446389108896255, 0.06463920325040817, 0.06421328336000443, 0.06368599086999893, 0.06359705328941345, 0.24797023832798004, 0.0641433596611023, 0.05992530286312103, 0.0597589947283268, 0.060499079525470734, 0.06054915860295296, 0.060251832008361816, 0.06025382876396179, 0.3480139374732971, 0.06424055993556976, 0.055911704897880554, 0.056076858192682266, 0.05727240815758705, 0.05778210610151291, 0.058514539152383804, 0.06083182618021965, 0.10323616117238998, 0.09804186969995499, 0.04966353997588158, 0.04785887151956558, 0.049171216785907745, 0.05137792229652405, 0.05294132977724075, 0.0534905344247818, 0.05590628460049629, 0.7098706364631653, 0.06886287033557892, 0.05019025504589081, 0.04875621199607849, 0.04945067688822746, 0.05051017925143242, 0.05171330273151398, 0.05312252789735794, 0.05446871370077133, 1.0693591833114624, 0.05403532832860947, 0.04424672573804855, 0.04619533196091652, 0.04814192280173302], "train_acc": [0.0178571417927742, 0.027210883796215057, 0.04485544189810753, 0.08099489659070969, 0.15221087634563446, 0.31972789764404297, 0.6611394286155701, 0.9608843326568604, 0.9997873902320862, 1.0, 1.0, 1.0, 1.0, 1.0, 1.0, 1.0, 1.0, 1.0, 1.0, 1.0, 1.0, 1.0, 1.0, 1.0, 1.0, 1.0, 1.0, 1.0, 1.0, 1.0, 1.0, 1.0, 1.0, 1.0, 1.0, 1.0, 1.0, 1.0, 1.0, 1.0, 1.0, 0.9938350319862366, 1.0, 1.0, 1.0, 1.0, 1.0, 1.0, 1.0, 1.0, 1.0, 1.0, 1.0, 1.0, 1.0, 1.0, 1.0, 1.0, 0.9591836333274841, 1.0, 1.0, 1.0, 1.0, 1.0, 1.0, 1.0, 1.0, 0.8756377100944519, 1.0, 1.0, 1.0, 1.0], "test_acc": [0.004463336896151304, 0.0031880976166576147, 0.001487778965383768, 0.0006376195233315229, 0.002125398488715291, 0.011902231723070145, 0.1579171121120453, 0.5383634567260742, 0.8089266419410706, 0.929861843585968, 0.9834218621253967, 0.9976620078086853, 1.0, 1.0, 1.0, 1.0, 0.999787449836731, 1.0, 1.0, 1.0, 1.0, 1.0, 1.0, 1.0, 1.0, 1.0, 1.0, 1.0, 1.0, 1.0, 1.0, 1.0, 1.0, 0.9991497993469238, 1.0, 1.0, 1.0, 1.0, 1.0, 1.0, 1.0, 0.9927735924720764, 1.0, 1.0, 1.0, 1.0, 1.0, 1.0, 1.0, 1.0, 1.0, 1.0, 1.0, 1.0, 1.0, 1.0, 1.0, 1.0, 0.9362380504608154, 1.0, 1.0, 1.0, 1.0, 1.0, 1.0, 1.0, 1.0, 0.859298586845398, 1.0, 1.0, 1.0, 1.0], "steps": [50, 100, 150, 200, 250, 300, 350, 400, 450, 500, 550, 600, 650, 700, 750, 800, 850, 900, 950, 1000, 1050, 1100, 1150, 1200, 1250, 1300, 1350, 1400, 1450, 1500, 1550, 1600, 1650, 1700, 1750, 1800, 1850, 1900, 1950, 2000, 2050, 2100, 2150, 2200, 2250, 2300, 2350, 2400, 2450, 2500, 2550, 2600, 2650, 2700, 2750, 2800, 2850, 2900, 2950, 3000, 3050, 3100, 3150, 3200, 3250, 3300, 3350, 3400, 3450, 3500, 3550, 3600], "forgetting_events_total": [0, 64, 160, 277, 411, 570, 650, 671, 672, 672, 672, 672, 672, 672, 672, 672, 672, 672, 672, 672, 672, 672, 672, 672, 672, 672, 672, 672, 672, 672, 672, 672, 672, 672, 672, 672, 672, 672, 672, 672, 672, 701, 701, 701, 701, 701, 701, 701, 701, 701, 701, 701, 701, 701, 701, 701, 701, 701, 893, 893, 893, 893, 893, 893, 893, 893, 893, 1478, 1478, 1478, 1478, 1478], "forgetting_events_mean": [0.0, 0.013605441898107529, 0.03401360660791397, 0.058886054903268814, 0.08737244457006454, 0.12117346376180649, 0.13818027079105377, 0.14264455437660217, 0.1428571343421936, 0.1428571343421936, 0.1428571343421936, 0.1428571343421936, 0.1428571343421936, 0.1428571343421936, 0.1428571343421936, 0.1428571343421936, 0.1428571343421936, 0.1428571343421936, 0.1428571343421936, 0.1428571343421936, 0.1428571343421936, 0.1428571343421936, 0.1428571343421936, 0.1428571343421936, 0.1428571343421936, 0.1428571343421936, 0.1428571343421936, 0.1428571343421936, 0.1428571343421936, 0.1428571343421936, 0.1428571343421936, 0.1428571343421936, 0.1428571343421936, 0.1428571343421936, 0.1428571343421936, 0.1428571343421936, 0.1428571343421936, 0.1428571343421936, 0.1428571343421936, 0.1428571343421936, 0.1428571343421936, 0.14902210235595703, 0.14902210235595703, 0.14902210235595703, 0.14902210235595703, 0.14902210235595703, 0.14902210235595703, 0.14902210235595703, 0.14902210235595703, 0.14902210235595703, 0.14902210235595703, 0.14902210235595703, 0.14902210235595703, 0.14902210235595703, 0.14902210235595703, 0.14902210235595703, 0.14902210235595703, 0.14902210235595703, 0.18983842432498932, 0.18983842432498932, 0.18983842432498932, 0.18983842432498932, 0.18983842432498932, 0.18983842432498932, 0.18983842432498932, 0.18983842432498932, 0.18983842432498932, 0.31420066952705383, 0.31420066952705383, 0.31420066952705383, 0.31420066952705383, 0.31420066952705383]}