{"train_loss": [4.554015636444092, 4.473759651184082, 4.311848163604736, 4.103992938995361, 3.7906975746154785, 3.211601495742798, 2.0729920864105225, 0.8809366226196289, 0.33265557885169983, 0.15631414949893951, 0.11337368190288544, 0.09807590395212173, 0.09050296247005463, 0.08486884087324142, 0.0830567330121994, 0.0909566655755043, 0.06653666496276855, 0.06617482751607895, 0.0665254145860672, 0.06651663035154343, 0.06550780683755875, 0.06436094641685486, 0.4297485947608948, 0.0766831636428833, 0.061338361352682114, 0.05946754291653633, 0.059595633298158646, 0.06004742160439491, 0.05995052307844162, 0.0594625398516655, 0.058766305446624756, 0.34146586060523987, 0.06548731029033661, 0.05648230388760567, 0.05582161247730255, 0.05576394498348236, 0.055758677423000336, 0.05498480796813965, 0.05432627722620964, 3.7104318141937256, 0.07531954348087311, 0.05579153075814247, 0.055078402161598206, 0.055418461561203, 0.05542948469519615, 0.05500837415456772, 0.05460048094391823, 0.05462037771940231, 0.37728971242904663, 0.06016327068209648, 0.05329474061727524, 0.05236950144171715, 0.05230097100138664, 0.05229397863149643, 0.05235284939408302, 0.052538610994815826, 5.327149868011475, 0.09098175913095474, 0.05358998477458954, 0.04950045421719551, 0.04953271895647049, 0.050233498215675354, 0.051194023340940475, 0.05177107825875282, 0.05254867300391197, 1.592132568359375, 0.05846608802676201, 0.042590852826833725, 0.04432510584592819, 0.04744631424546242, 0.0494125634431839], "test_loss": [4.620890140533447, 4.797580242156982, 5.206594944000244, 5.437841415405273, 5.509113788604736, 5.257667541503906, 3.990725517272949, 2.1545751094818115, 1.0360047817230225, 0.4695044755935669, 0.30088746547698975, 0.2286265641450882, 0.18831810355186462, 0.1610943078994751, 0.14346589148044586, 0.13197378814220428, 0.09627843648195267, 0.09275685250759125, 0.09046847373247147, 0.08804189413785934, 0.08464233577251434, 0.08104869723320007, 0.4665883779525757, 0.08829590678215027, 0.06942640990018845, 0.0666486918926239, 0.06608746945858002, 0.0661393404006958, 0.0657634437084198, 0.06504837423563004, 0.064228855073452, 0.3841594159603119, 0.07392367720603943, 0.062177471816539764, 0.060644179582595825, 0.0602487288415432, 0.05996808409690857, 0.05891052260994911, 0.0579206645488739, 3.7493927478790283, 0.08580725640058517, 0.06104515120387077, 0.05906502529978752, 0.05890312418341637, 0.0584770105779171, 0.057802990078926086, 0.0572134330868721, 0.05711842328310013, 0.4180963635444641, 0.06681250780820847, 0.057791322469711304, 0.056078627705574036, 0.05537187680602074, 0.0548260435461998, 0.05464613810181618, 0.05462655425071716, 5.234170913696289, 0.10422266274690628, 0.060073237866163254, 0.05411658063530922, 0.053361617028713226, 0.053503938019275665, 0.05403050035238266, 0.05428672581911087, 0.05494014918804169, 1.7149975299835205, 0.06616231799125671, 0.04612636938691139, 0.047124575823545456, 0.050082553178071976, 0.05196398124098778], "train_acc": [0.017219386994838715, 0.026147957891225815, 0.048256803303956985, 0.07695578038692474, 0.14923469722270966, 0.3103741407394409, 0.6377550959587097, 0.9432397484779358, 0.9997873902320862, 1.0, 1.0, 1.0, 1.0, 1.0, 1.0, 1.0, 1.0, 1.0, 1.0, 1.0, 1.0, 1.0, 0.9891581535339355, 1.0, 1.0, 1.0, 1.0, 1.0, 1.0, 1.0, 1.0, 0.9749149680137634, 1.0, 1.0, 1.0, 1.0, 1.0, 1.0, 1.0, 0.19685374200344086, 1.0, 1.0, 1.0, 1.0, 1.0, 1.0, 1.0, 1.0, 0.9804421663284302, 1.0, 1.0, 1.0, 1.0, 1.0, 1.0, 1.0, 0.1041666641831398, 1.0, 1.0, 1.0, 1.0, 1.0, 1.0, 1.0, 1.0, 0.7980442047119141, 1.0, 1.0, 1.0, 1.0, 1.0], "test_acc": [0.006163655314594507, 0.0023379384074360132, 0.0010626992443576455, 0.0, 0.00021253984596114606, 0.0051009561866521835, 0.06418703496456146, 0.43188098073005676, 0.8206163644790649, 0.9855472445487976, 0.9991497993469238, 0.999787449836731, 1.0, 1.0, 1.0, 1.0, 1.0, 1.0, 1.0, 1.0, 1.0, 1.0, 0.9876726865768433, 1.0, 1.0, 1.0, 1.0, 1.0, 1.0, 1.0, 1.0, 0.9681190252304077, 1.0, 1.0, 1.0, 1.0, 1.0, 1.0, 1.0, 0.17980870604515076, 1.0, 1.0, 1.0, 1.0, 1.0, 1.0, 1.0, 1.0, 0.9715196490287781, 1.0, 1.0, 1.0, 1.0, 1.0, 1.0, 1.0, 0.11222103983163834, 0.9995748996734619, 1.0, 1.0, 1.0, 1.0, 1.0, 1.0, 1.0, 0.750478208065033, 1.0, 1.0, 1.0, 1.0, 1.0], "steps": [50, 100, 150, 200, 250, 300, 350, 400, 450, 500, 550, 600, 650, 700, 750, 800, 850, 900, 950, 1000, 1050, 1100, 1150, 1200, 1250, 1300, 1350, 1400, 1450, 1500, 1550, 1600, 1650, 1700, 1750, 1800, 1850, 1900, 1950, 2000, 2050, 2100, 2150, 2200, 2250, 2300, 2350, 2400, 2450, 2500, 2550, 2600, 2650, 2700, 2750, 2800, 2850, 2900, 2950, 3000, 3050, 3100, 3150, 3200, 3250, 3300, 3350, 3400, 3450, 3500, 3550], "forgetting_events_total": [0, 67, 139, 272, 422, 597, 730, 763, 763, 763, 763, 763, 763, 763, 763, 763, 763, 763, 763, 763, 763, 763, 814, 814, 814, 814, 814, 814, 814, 814, 814, 932, 932, 932, 932, 932, 932, 932, 932, 4710, 4710, 4710, 4710, 4710, 4710, 4710, 4710, 4710, 4802, 4802, 4802, 4802, 4802, 4802, 4802, 4802, 9016, 9016, 9016, 9016, 9016, 9016, 9016, 9016, 9016, 9966, 9966, 9966, 9966, 9966, 9966], "forgetting_events_mean": [0.0, 0.014243196696043015, 0.02954931929707527, 0.05782312899827957, 0.08971088379621506, 0.12691326439380646, 0.15518707036972046, 0.1622023731470108, 0.1622023731470108, 0.1622023731470108, 0.1622023731470108, 0.1622023731470108, 0.1622023731470108, 0.1622023731470108, 0.1622023731470108, 0.1622023731470108, 0.1622023731470108, 0.1622023731470108, 0.1622023731470108, 0.1622023731470108, 0.1622023731470108, 0.1622023731470108, 0.17304421961307526, 0.17304421961307526, 0.17304421961307526, 0.17304421961307526, 0.17304421961307526, 0.17304421961307526, 0.17304421961307526, 0.17304421961307526, 0.17304421961307526, 0.19812925159931183, 0.19812925159931183, 0.19812925159931183, 0.19812925159931183, 0.19812925159931183, 0.19812925159931183, 0.19812925159931183, 0.19812925159931183, 1.0012755393981934, 1.0012755393981934, 1.0012755393981934, 1.0012755393981934, 1.0012755393981934, 1.0012755393981934, 1.0012755393981934, 1.0012755393981934, 1.0012755393981934, 1.0208332538604736, 1.0208332538604736, 1.0208332538604736, 1.0208332538604736, 1.0208332538604736, 1.0208332538604736, 1.0208332538604736, 1.0208332538604736, 1.9166666269302368, 1.9166666269302368, 1.9166666269302368, 1.9166666269302368, 1.9166666269302368, 1.9166666269302368, 1.9166666269302368, 1.9166666269302368, 1.9166666269302368, 2.118622303009033, 2.118622303009033, 2.118622303009033, 2.118622303009033, 2.118622303009033, 2.118622303009033]}