{"train_loss": [4.516086101531982, 4.185215473175049, 3.7724900245666504, 3.410771369934082, 2.947840929031372, 2.4098217487335205, 1.6780368089675903, 0.9461982846260071, 0.4867832362651825, 0.27918222546577454, 0.16022828221321106, 0.12164197117090225, 0.10373465716838837, 0.09937334805727005, 0.09315849840641022, 0.0916663110256195, 0.08529902994632721, 0.33573439717292786, 0.0750524252653122, 0.06663751602172852, 0.06505603343248367, 0.06361908465623856, 0.06217718496918678, 0.06183957681059837, 0.06018328294157982, 0.2114545702934265, 0.06573615223169327, 0.05446506664156914, 0.05616624653339386, 0.05797543004155159, 0.05882043018937111, 0.059117697179317474, 0.0590335838496685, 0.05795447155833244, 0.4803541600704193, 0.07464992254972458, 0.05047551915049553, 0.050173211842775345, 0.05205833911895752, 0.05402149632573128, 0.05516604706645012, 0.0560167133808136, 0.3541930615901947, 0.05117674916982651, 0.04742995649576187, 0.05058235302567482, 0.053228896111249924, 0.05479796603322029, 0.054961152374744415, 0.05431665480136871, 0.33159786462783813, 0.04358917474746704, 0.0420171357691288, 0.04561002552509308, 0.048202238976955414, 0.04992498829960823, 0.05000929534435272, 0.050520967692136765, 0.24734696745872498, 0.04177042841911316, 0.03867459297180176, 0.04240170493721962, 0.04573297128081322, 0.04776754975318909, 0.04891109839081764, 0.051017116755247116, 2.777956247329712, 0.037282396107912064, 0.03152718022465706, 0.03575131297111511, 0.03963151574134827, 0.042513418942689896], "test_loss": [4.650217056274414, 5.167952537536621, 5.535923004150391, 5.664497375488281, 5.695680141448975, 5.442318439483643, 4.471184253692627, 2.939362049102783, 1.803471565246582, 1.1306759119033813, 0.6384753584861755, 0.42785850167274475, 0.3254491984844208, 0.27561864256858826, 0.23185217380523682, 0.20533603429794312, 0.17697449028491974, 0.4910605549812317, 0.1226811558008194, 0.10461870580911636, 0.09808575361967087, 0.09302974492311478, 0.08728185296058655, 0.08401990681886673, 0.07908231019973755, 0.26178330183029175, 0.08283104747533798, 0.06544805318117142, 0.06567464023828506, 0.06683690845966339, 0.06697403639554977, 0.066893570125103, 0.06617195904254913, 0.06441938132047653, 0.5410274267196655, 0.09250623732805252, 0.05833223834633827, 0.05596449598670006, 0.05696383863687515, 0.05851506069302559, 0.05936957895755768, 0.06000573933124542, 0.397816002368927, 0.05861170217394829, 0.05206191539764404, 0.05475737527012825, 0.056986819952726364, 0.058448757976293564, 0.05857357755303383, 0.05746202543377876, 0.38206183910369873, 0.05051884055137634, 0.04628891497850418, 0.049358028918504715, 0.051537755876779556, 0.053036827594041824, 0.05294124409556389, 0.05320611223578453, 0.29438039660453796, 0.04889870807528496, 0.04304589703679085, 0.04617936909198761, 0.04934099316596985, 0.05126262083649635, 0.05216219276189804, 0.05387946963310242, 2.7881205081939697, 0.04408388212323189, 0.03500080853700638, 0.03860827162861824, 0.042181920260190964, 0.04496438801288605], "train_acc": [0.03049076721072197, 0.09329445660114288, 0.21659378707408905, 0.35568514466285706, 0.49307578802108765, 0.5753158330917358, 0.6822157502174377, 0.850218653678894, 0.9636783003807068, 0.9956268072128296, 1.0, 1.0, 1.0, 1.0, 1.0, 1.0, 1.0, 0.9974489808082581, 1.0, 1.0, 1.0, 1.0, 1.0, 1.0, 1.0, 0.9997570514678955, 1.0, 1.0, 1.0, 1.0, 1.0, 1.0, 1.0, 1.0, 0.9789844751358032, 1.0, 1.0, 1.0, 1.0, 1.0, 1.0, 1.0, 0.9952623844146729, 1.0, 1.0, 1.0, 1.0, 1.0, 1.0, 1.0, 0.9957482814788818, 1.0, 1.0, 1.0, 1.0, 1.0, 1.0, 1.0, 0.9980563521385193, 1.0, 1.0, 1.0, 1.0, 1.0, 1.0, 1.0, 0.31474733352661133, 1.0, 1.0, 1.0, 1.0, 1.0], "test_acc": [0.004888416267931461, 0.0038257171399891376, 0.002975557930767536, 0.0010626992443576455, 0.0012752390466630459, 0.008926673792302608, 0.044845908880233765, 0.19341126084327698, 0.47417640686035156, 0.7483528256416321, 0.9441019892692566, 0.9910733103752136, 0.9991497993469238, 0.9995748996734619, 0.999787449836731, 1.0, 1.0, 0.9829967617988586, 1.0, 1.0, 1.0, 1.0, 1.0, 1.0, 1.0, 0.9976620078086853, 1.0, 1.0, 1.0, 1.0, 1.0, 1.0, 1.0, 1.0, 0.9687566161155701, 1.0, 1.0, 1.0, 1.0, 1.0, 1.0, 1.0, 0.9872475862503052, 1.0, 1.0, 1.0, 1.0, 1.0, 1.0, 1.0, 0.9904356598854065, 1.0, 1.0, 1.0, 1.0, 1.0, 1.0, 1.0, 0.9963868260383606, 1.0, 1.0, 1.0, 1.0, 1.0, 1.0, 1.0, 0.33283740282058716, 1.0, 1.0, 1.0, 1.0, 1.0], "steps": [50, 100, 150, 200, 250, 300, 350, 400, 450, 500, 550, 600, 650, 700, 750, 800, 850, 900, 950, 1000, 1050, 1100, 1150, 1200, 1250, 1300, 1350, 1400, 1450, 1500, 1550, 1600, 1650, 1700, 1750, 1800, 1850, 1900, 1950, 2000, 2050, 2100, 2150, 2200, 2250, 2300, 2350, 2400, 2450, 2500, 2550, 2600, 2650, 2700, 2750, 2800, 2850, 2900, 2950, 3000, 3050, 3100, 3150, 3200, 3250, 3300, 3350, 3400, 3450, 3500, 3550, 3600], "forgetting_events_total": [0, 157, 343, 546, 757, 944, 1046, 1127, 1168, 1180, 1180, 1180, 1180, 1180, 1180, 1180, 1180, 1201, 1201, 1201, 1201, 1201, 1201, 1201, 1201, 1203, 1203, 1203, 1203, 1203, 1203, 1203, 1203, 1203, 1376, 1376, 1376, 1376, 1376, 1376, 1376, 1376, 1415, 1415, 1415, 1415, 1415, 1415, 1415, 1415, 1450, 1450, 1450, 1450, 1450, 1450, 1450, 1450, 1466, 1466, 1466, 1466, 1466, 1466, 1466, 1466, 7107, 7107, 7107, 7107, 7107, 7107], "forgetting_events_mean": [0.0, 0.01907191425561905, 0.0416666679084301, 0.06632652878761292, 0.09195820987224579, 0.11467444151639938, 0.12706510722637177, 0.1369047611951828, 0.14188532531261444, 0.14334304630756378, 0.14334304630756378, 0.14334304630756378, 0.14334304630756378, 0.14334304630756378, 0.14334304630756378, 0.14334304630756378, 0.14334304630756378, 0.14589406549930573, 0.14589406549930573, 0.14589406549930573, 0.14589406549930573, 0.14589406549930573, 0.14589406549930573, 0.14589406549930573, 0.14589406549930573, 0.1461370289325714, 0.1461370289325714, 0.1461370289325714, 0.1461370289325714, 0.1461370289325714, 0.1461370289325714, 0.1461370289325714, 0.1461370289325714, 0.1461370289325714, 0.16715256869792938, 0.16715256869792938, 0.16715256869792938, 0.16715256869792938, 0.16715256869792938, 0.16715256869792938, 0.16715256869792938, 0.16715256869792938, 0.17189018428325653, 0.17189018428325653, 0.17189018428325653, 0.17189018428325653, 0.17189018428325653, 0.17189018428325653, 0.17189018428325653, 0.17189018428325653, 0.1761418879032135, 0.1761418879032135, 0.1761418879032135, 0.1761418879032135, 0.1761418879032135, 0.1761418879032135, 0.1761418879032135, 0.1761418879032135, 0.17808552086353302, 0.17808552086353302, 0.17808552086353302, 0.17808552086353302, 0.17808552086353302, 0.17808552086353302, 0.17808552086353302, 0.17808552086353302, 0.8633381724357605, 0.8633381724357605, 0.8633381724357605, 0.8633381724357605, 0.8633381724357605, 0.8633381724357605]}