{"train_loss": [4.548548221588135, 4.402713298797607, 4.0918354988098145, 3.7361152172088623, 3.0480730533599854, 1.822332739830017, 0.7776316404342651, 0.2667081952095032, 0.13992679119110107, 0.09466220438480377, 0.06980159878730774, 0.05639991909265518, 0.050136152654886246, 0.04807380959391594, 0.05380307137966156, 0.04701091721653938, 0.038721222430467606, 0.04030503332614899, 0.04207265004515648, 0.04284364730119705, 0.042798008769750595, 0.04225281998515129, 0.041435472667217255, 0.2691483199596405, 0.04409550130367279, 0.03639597073197365, 0.035946596413850784, 0.037288106977939606, 0.03841039538383484, 0.038833580911159515, 0.03876916319131851, 0.03857463225722313, 0.052374325692653656, 0.030045686289668083, 0.03089028224349022, 0.03355858847498894, 0.035300664603710175, 0.0359223298728466, 0.035898689180612564, 0.035585857927799225, 0.4096895158290863, 0.04132905229926109, 0.03141002357006073, 0.030946023762226105, 0.03273705020546913, 0.034309618175029755, 0.03508653864264488, 0.03564170002937317, 0.19548149406909943, 0.03099549002945423, 0.027643997222185135, 0.02954130806028843, 0.03203461319208145, 0.033853475004434586, 0.03498999774456024, 0.03549432009458542, 0.03696317970752716, 0.16737747192382812, 0.03291654586791992, 0.027256328612565994, 0.02697029337286949, 0.028601430356502533, 0.030558673664927483, 0.032145921140909195, 0.03316907212138176, 0.5348780155181885, 0.027131808921694756, 0.02396209165453911, 0.026133785024285316, 0.029008302837610245, 0.03127474710345268], "test_loss": [4.625494956970215, 4.96267032623291, 5.47132682800293, 5.547101974487305, 5.346149444580078, 4.009365558624268, 2.415419816970825, 1.1063823699951172, 0.6257427334785461, 0.3897022306919098, 0.24262642860412598, 0.15681640803813934, 0.11431354284286499, 0.09386495500802994, 0.09342919290065765, 0.06682005524635315, 0.05353204905986786, 0.054237015545368195, 0.05514891445636749, 0.054712582379579544, 0.053394004702568054, 0.051477499306201935, 0.04932376742362976, 0.3010219633579254, 0.05228893458843231, 0.042054206132888794, 0.04058878868818283, 0.04143945127725601, 0.04220055043697357, 0.0423409640789032, 0.04204055666923523, 0.04163069278001785, 0.06020468845963478, 0.03386883810162544, 0.03381254896521568, 0.036174409091472626, 0.03775797039270401, 0.038246039301157, 0.03811720758676529, 0.03774827718734741, 0.4589688181877136, 0.04882802069187164, 0.03573993220925331, 0.03403313085436821, 0.035267941653728485, 0.036569736897945404, 0.03718016296625137, 0.0376475527882576, 0.2202390432357788, 0.03593943268060684, 0.030721701681613922, 0.03190017491579056, 0.03408205136656761, 0.03570440411567688, 0.03673200309276581, 0.03713173791766167, 0.03870593383908272, 0.1904301643371582, 0.038277629762887955, 0.030656959861516953, 0.029466034844517708, 0.030672598630189896, 0.0323847271502018, 0.03385269269347191, 0.03483615070581436, 0.5728450417518616, 0.03104344755411148, 0.026408422738313675, 0.028159260749816895, 0.03083551861345768, 0.033006101846694946], "train_acc": [0.018027210608124733, 0.03979592025279999, 0.10493197292089462, 0.20272108912467957, 0.37738096714019775, 0.6875850558280945, 0.9474489688873291, 0.9988095164299011, 1.0, 1.0, 1.0, 1.0, 1.0, 1.0, 1.0, 1.0, 1.0, 1.0, 1.0, 1.0, 1.0, 1.0, 1.0, 0.9989796280860901, 1.0, 1.0, 1.0, 1.0, 1.0, 1.0, 1.0, 1.0, 1.0, 1.0, 1.0, 1.0, 1.0, 1.0, 1.0, 1.0, 0.9952381253242493, 1.0, 1.0, 1.0, 1.0, 1.0, 1.0, 1.0, 0.9998299479484558, 1.0, 1.0, 1.0, 1.0, 1.0, 1.0, 1.0, 1.0, 1.0, 1.0, 1.0, 1.0, 1.0, 1.0, 1.0, 1.0, 0.9795918464660645, 1.0, 1.0, 1.0, 1.0, 1.0], "test_acc": [0.0038257171399891376, 0.002763018012046814, 0.0017003187676891685, 0.0012752390466630459, 0.006801275070756674, 0.08204037696123123, 0.3861849009990692, 0.7676939368247986, 0.9164718389511108, 0.9793835878372192, 0.997449517250061, 1.0, 1.0, 1.0, 1.0, 1.0, 1.0, 1.0, 1.0, 1.0, 1.0, 1.0, 1.0, 0.9989372491836548, 1.0, 1.0, 1.0, 1.0, 1.0, 1.0, 1.0, 1.0, 1.0, 1.0, 1.0, 1.0, 1.0, 1.0, 1.0, 1.0, 0.989372968673706, 1.0, 1.0, 1.0, 1.0, 1.0, 1.0, 1.0, 0.9985122084617615, 1.0, 1.0, 1.0, 1.0, 1.0, 1.0, 1.0, 1.0, 1.0, 1.0, 1.0, 1.0, 1.0, 1.0, 1.0, 1.0, 0.9778958559036255, 1.0, 1.0, 1.0, 1.0, 1.0], "steps": [50, 100, 150, 200, 250, 300, 350, 400, 450, 500, 550, 600, 650, 700, 750, 800, 850, 900, 950, 1000, 1050, 1100, 1150, 1200, 1250, 1300, 1350, 1400, 1450, 1500, 1550, 1600, 1650, 1700, 1750, 1800, 1850, 1900, 1950, 2000, 2050, 2100, 2150, 2200, 2250, 2300, 2350, 2400, 2450, 2500, 2550, 2600, 2650, 2700, 2750, 2800, 2850, 2900, 2950, 3000, 3050, 3100, 3150, 3200, 3250, 3300, 3350, 3400, 3450, 3500, 3550], "forgetting_events_total": [0, 89, 198, 336, 492, 563, 576, 577, 577, 577, 577, 577, 577, 577, 577, 577, 577, 577, 577, 577, 577, 577, 577, 583, 583, 583, 583, 583, 583, 583, 583, 583, 583, 583, 583, 583, 583, 583, 583, 583, 611, 611, 611, 611, 611, 611, 611, 611, 612, 612, 612, 612, 612, 612, 612, 612, 612, 612, 612, 612, 612, 612, 612, 612, 612, 732, 732, 732, 732, 732, 732], "forgetting_events_mean": [0.0, 0.0151360547170043, 0.033673468977212906, 0.05714285746216774, 0.08367346972227097, 0.09574829787015915, 0.09795918315649033, 0.09812925010919571, 0.09812925010919571, 0.09812925010919571, 0.09812925010919571, 0.09812925010919571, 0.09812925010919571, 0.09812925010919571, 0.09812925010919571, 0.09812925010919571, 0.09812925010919571, 0.09812925010919571, 0.09812925010919571, 0.09812925010919571, 0.09812925010919571, 0.09812925010919571, 0.09812925010919571, 0.0991496592760086, 0.0991496592760086, 0.0991496592760086, 0.0991496592760086, 0.0991496592760086, 0.0991496592760086, 0.0991496592760086, 0.0991496592760086, 0.0991496592760086, 0.0991496592760086, 0.0991496592760086, 0.0991496592760086, 0.0991496592760086, 0.0991496592760086, 0.0991496592760086, 0.0991496592760086, 0.0991496592760086, 0.10391156375408173, 0.10391156375408173, 0.10391156375408173, 0.10391156375408173, 0.10391156375408173, 0.10391156375408173, 0.10391156375408173, 0.10391156375408173, 0.10408163070678711, 0.10408163070678711, 0.10408163070678711, 0.10408163070678711, 0.10408163070678711, 0.10408163070678711, 0.10408163070678711, 0.10408163070678711, 0.10408163070678711, 0.10408163070678711, 0.10408163070678711, 0.10408163070678711, 0.10408163070678711, 0.10408163070678711, 0.10408163070678711, 0.10408163070678711, 0.10408163070678711, 0.12448979914188385, 0.12448979914188385, 0.12448979914188385, 0.12448979914188385, 0.12448979914188385, 0.12448979914188385]}