{"train_loss": [4.4247894287109375, 3.6719868183135986, 2.9888417720794678, 2.2178828716278076, 1.6145483255386353, 1.27329683303833, 1.0031530857086182, 0.7311338186264038, 0.46943092346191406, 0.3231460750102997, 0.21990706026554108, 0.15564168989658356, 0.10510118305683136, 0.07846847176551819, 0.06770318746566772, 0.05964728072285652, 0.0566571019589901, 0.05484562739729881, 0.050638988614082336, 0.05060981586575508, 0.09240654855966568, 0.03555629029870033, 0.03573349118232727, 0.0379800945520401, 0.03965894132852554, 0.04096870496869087, 0.04043051227927208, 4.561220169067383, 0.09926939010620117, 0.04054158180952072, 0.03742917254567146, 0.03731117770075798, 0.03783860430121422, 0.03831348568201065, 0.03883158043026924, 0.10601673275232315, 0.03680965676903725, 0.033434148877859116, 0.03407321497797966, 0.03569699451327324, 0.03674689680337906, 0.03702597692608833, 0.03691219538450241, 1.8301893472671509, 0.11541446298360825, 0.04211510345339775, 0.0355374850332737, 0.03464552387595177, 0.03563827648758888, 0.036669742316007614, 0.03721499443054199, 0.0374169647693634, 0.053147315979003906, 0.0315602570772171, 0.03259759023785591, 0.034970518201589584, 0.03653045743703842, 0.03734046593308449, 0.03777071461081505, 0.03866468369960785, 0.17565253376960754, 0.034908726811409, 0.02978932484984398, 0.0312507301568985, 0.033458344638347626, 0.0354272834956646, 0.036569152027368546, 0.03735723719000816, 0.3703364431858063, 0.0458298921585083, 0.032103173434734344, 0.03194618597626686, 0.03445643186569214, 0.036726564168930054, 0.03834247961640358, 0.039348430931568146, 0.10613099485635757], "test_loss": [4.6862993240356445, 5.530993461608887, 5.748950481414795, 5.839815616607666, 5.741489410400391, 5.445248603820801, 4.942789077758789, 4.046972751617432, 3.100238800048828, 2.3946917057037354, 1.8778395652770996, 1.4068506956100464, 1.009184718132019, 0.6977695822715759, 0.5038708448410034, 0.3738614320755005, 0.2977004945278168, 0.23548777401447296, 0.18856090307235718, 0.15879078209400177, 0.19367897510528564, 0.07832428067922592, 0.07334046065807343, 0.07249774038791656, 0.07159022241830826, 0.07033589482307434, 0.06674154847860336, 4.744503498077393, 0.14909522235393524, 0.06019170209765434, 0.05311041325330734, 0.05093592777848244, 0.050144705921411514, 0.04942990466952324, 0.049148425459861755, 0.14068308472633362, 0.049193497747182846, 0.042680684477090836, 0.04180832579731941, 0.042736124247312546, 0.04334074258804321, 0.04317271709442139, 0.04287157207727432, 1.945418357849121, 0.14845968782901764, 0.05504380539059639, 0.0439634770154953, 0.041019000113010406, 0.04101993888616562, 0.04151775315403938, 0.04176892712712288, 0.04168345779180527, 0.06864582002162933, 0.03808189928531647, 0.037618767470121384, 0.03941042721271515, 0.04060874879360199, 0.041088975965976715, 0.04137041047215462, 0.04214143380522728, 0.21300314366817474, 0.04406842216849327, 0.034963902086019516, 0.03523897007107735, 0.03689325973391533, 0.038693659007549286, 0.039628591388463974, 0.04037141054868698, 0.44888728857040405, 0.06100993975996971, 0.03895716369152069, 0.03656245768070221, 0.038454171270132065, 0.04038729891180992, 0.04180071875452995, 0.04275641217827797, 0.12989777326583862], "train_acc": [0.05674088001251221, 0.1927953064441681, 0.47920534014701843, 0.7029221057891846, 0.7457483410835266, 0.7704082131385803, 0.8101422786712646, 0.8658009171485901, 0.9241651296615601, 0.9673005938529968, 0.9878633618354797, 0.9977582097053528, 0.9998454451560974, 1.0, 1.0, 1.0, 1.0, 1.0, 1.0, 1.0, 1.0, 1.0, 1.0, 1.0, 1.0, 1.0, 1.0, 0.07359308004379272, 1.0, 1.0, 1.0, 1.0, 1.0, 1.0, 1.0, 1.0, 1.0, 1.0, 1.0, 1.0, 1.0, 1.0, 1.0, 0.526824414730072, 1.0, 1.0, 1.0, 1.0, 1.0, 1.0, 1.0, 1.0, 1.0, 1.0, 1.0, 1.0, 1.0, 1.0, 1.0, 1.0, 0.9998454451560974, 1.0, 1.0, 1.0, 1.0, 1.0, 1.0, 1.0, 0.9942795634269714, 1.0, 1.0, 1.0, 1.0, 1.0, 1.0, 1.0, 1.0], "test_acc": [0.007226354908198118, 0.011902231723070145, 0.007651434279978275, 0.013177470304071903, 0.028055259957909584, 0.05653559789061546, 0.09160467237234116, 0.15409138798713684, 0.2524973452091217, 0.3749202787876129, 0.49479275941848755, 0.6255047917366028, 0.7585546970367432, 0.8892667293548584, 0.9623804092407227, 0.986609935760498, 0.9957491755485535, 0.9989372491836548, 0.9993623495101929, 1.0, 1.0, 1.0, 1.0, 1.0, 1.0, 1.0, 1.0, 0.04378320649266243, 0.999787449836731, 1.0, 1.0, 1.0, 1.0, 1.0, 1.0, 1.0, 1.0, 1.0, 1.0, 1.0, 1.0, 1.0, 1.0, 0.49309244751930237, 0.9995748996734619, 1.0, 1.0, 1.0, 1.0, 1.0, 1.0, 1.0, 1.0, 1.0, 1.0, 1.0, 1.0, 1.0, 1.0, 1.0, 1.0, 1.0, 1.0, 1.0, 1.0, 1.0, 1.0, 1.0, 0.9829967617988586, 1.0, 1.0, 1.0, 1.0, 1.0, 1.0, 1.0, 1.0], "steps": [50, 100, 150, 200, 250, 300, 350, 400, 450, 500, 550, 600, 650, 700, 750, 800, 850, 900, 950, 1000, 1050, 1100, 1150, 1200, 1250, 1300, 1350, 1400, 1450, 1500, 1550, 1600, 1650, 1700, 1750, 1800, 1850, 1900, 1950, 2000, 2050, 2100, 2150, 2200, 2250, 2300, 2350, 2400, 2450, 2500, 2550, 2600, 2650, 2700, 2750, 2800, 2850, 2900, 2950, 3000, 3050, 3100, 3150, 3200, 3250, 3300, 3350, 3400, 3450, 3500, 3550, 3600, 3650, 3700, 3750, 3800, 3850], "forgetting_events_total": [0, 302, 607, 732, 758, 792, 853, 983, 1128, 1217, 1278, 1290, 1291, 1291, 1291, 1291, 1291, 1291, 1291, 1291, 1291, 1291, 1291, 1291, 1291, 1291, 1291, 13275, 13275, 13275, 13275, 13275, 13275, 13275, 13275, 13275, 13275, 13275, 13275, 13275, 13275, 13275, 13275, 19396, 19396, 19396, 19396, 19396, 19396, 19396, 19396, 19396, 19396, 19396, 19396, 19396, 19396, 19396, 19396, 19396, 19398, 19398, 19398, 19398, 19398, 19398, 19398, 19398, 19472, 19472, 19472, 19472, 19472, 19472, 19472, 19472, 19472], "forgetting_events_mean": [0.0, 0.02334570325911045, 0.04692331701517105, 0.05658627301454544, 0.0585961677134037, 0.06122449040412903, 0.0659400150179863, 0.0759894922375679, 0.08719851821660995, 0.09407854080200195, 0.09879406541585922, 0.09972170740365982, 0.0997990146279335, 0.0997990146279335, 0.0997990146279335, 0.0997990146279335, 0.0997990146279335, 0.0997990146279335, 0.0997990146279335, 0.0997990146279335, 0.0997990146279335, 0.0997990146279335, 0.0997990146279335, 0.0997990146279335, 0.0997990146279335, 0.0997990146279335, 0.0997990146279335, 1.0262060165405273, 1.0262060165405273, 1.0262060165405273, 1.0262060165405273, 1.0262060165405273, 1.0262060165405273, 1.0262060165405273, 1.0262060165405273, 1.0262060165405273, 1.0262060165405273, 1.0262060165405273, 1.0262060165405273, 1.0262060165405273, 1.0262060165405273, 1.0262060165405273, 1.0262060165405273, 1.4993816614151, 1.4993816614151, 1.4993816614151, 1.4993816614151, 1.4993816614151, 1.4993816614151, 1.4993816614151, 1.4993816614151, 1.4993816614151, 1.4993816614151, 1.4993816614151, 1.4993816614151, 1.4993816614151, 1.4993816614151, 1.4993816614151, 1.4993816614151, 1.4993816614151, 1.4995362758636475, 1.4995362758636475, 1.4995362758636475, 1.4995362758636475, 1.4995362758636475, 1.4995362758636475, 1.4995362758636475, 1.4995362758636475, 1.5052566528320312, 1.5052566528320312, 1.5052566528320312, 1.5052566528320312, 1.5052566528320312, 1.5052566528320312, 1.5052566528320312, 1.5052566528320312, 1.5052566528320312]}