{"train_loss": [4.551896572113037, 4.4087605476379395, 4.11469030380249, 3.7562692165374756, 3.1385319232940674, 2.1338045597076416, 1.00895094871521, 0.40697261691093445, 0.22742322087287903, 0.16211210191249847, 0.12280144542455673, 0.09829411655664444, 0.08150110393762589, 0.06537307798862457, 0.05558983236551285, 0.05015088990330696, 0.17350627481937408, 0.04748125746846199, 0.04229721426963806, 0.042981866747140884, 0.0439799465239048, 0.044485483318567276, 0.04426690936088562, 0.04334698244929314, 1.1488721370697021, 0.04084157198667526, 0.035719651728868484, 0.03783610463142395, 0.03929813578724861, 0.039909955114126205, 0.03989989310503006, 0.03956428915262222, 0.042583297938108444, 0.04674948751926422, 0.03290802240371704, 0.03445326164364815, 0.036461759358644485, 0.037843961268663406, 0.03833605721592903, 0.038036320358514786, 0.03799718990921974, 0.3791992664337158, 0.04660521075129509, 0.03573833033442497, 0.036008961498737335, 0.03793196380138397, 0.03948327526450157, 0.04039640352129936, 0.05393373221158981, 0.05339362099766731, 0.03336402773857117, 0.03390692546963692, 0.03628522530198097, 0.038331303745508194, 0.03946150839328766, 0.03988123685121536, 0.03980503976345062, 0.040867291390895844, 0.20581600069999695, 0.04139886796474457, 0.03249919041991234, 0.032296501100063324, 0.034159958362579346, 0.03613908961415291, 0.03762137517333031, 0.038726530969142914, 1.0916322469711304, 0.04364948347210884, 0.03156651556491852, 0.0324738547205925, 0.03509221971035004, 0.0372779443860054, 0.0385594442486763, 0.03921039029955864, 0.039355065673589706], "test_loss": [4.622759819030762, 4.9322710037231445, 5.432829856872559, 5.538755416870117, 5.379172325134277, 4.550033092498779, 2.8946163654327393, 1.6080145835876465, 1.1300915479660034, 0.8799272179603577, 0.6758444905281067, 0.5150020718574524, 0.38092362880706787, 0.2553333044052124, 0.17220337688922882, 0.12378192692995071, 0.2483900785446167, 0.07112652063369751, 0.06144115328788757, 0.06020771712064743, 0.0595981702208519, 0.05862677842378616, 0.05673161521553993, 0.05420510098338127, 1.3248090744018555, 0.049489825963974, 0.041977010667324066, 0.04368900880217552, 0.044852759689092636, 0.04517308250069618, 0.04480450972914696, 0.04410821199417114, 0.04717891663312912, 0.05406773462891579, 0.03675413876771927, 0.03772134706377983, 0.03946303576231003, 0.04070136696100235, 0.04102969542145729, 0.0405430793762207, 0.04038110747933388, 0.41864892840385437, 0.05356117710471153, 0.03928663581609726, 0.03873758763074875, 0.04030231758952141, 0.04168396815657616, 0.04248075559735298, 0.05695183947682381, 0.060964301228523254, 0.03687337785959244, 0.03652350604534149, 0.03860524296760559, 0.04054231941699982, 0.04157032445073128, 0.04187270998954773, 0.04177099093794823, 0.04280734062194824, 0.2356013059616089, 0.048565980046987534, 0.0363394096493721, 0.03491995856165886, 0.03641081973910332, 0.03814137354493141, 0.03947775065898895, 0.04062168300151825, 1.170182704925537, 0.050185393542051315, 0.03497126325964928, 0.035067059099674225, 0.03747024014592171, 0.03954041749238968, 0.0407402440905571, 0.04132166504859924, 0.041399989277124405], "train_acc": [0.020068027079105377, 0.043707482516765594, 0.10187075287103653, 0.19166666269302368, 0.351360559463501, 0.601360559463501, 0.8642857074737549, 0.9855442047119141, 0.9989796280860901, 0.9998299479484558, 1.0, 1.0, 1.0, 1.0, 1.0, 1.0, 0.9996598958969116, 1.0, 1.0, 1.0, 1.0, 1.0, 1.0, 1.0, 0.8139455914497375, 1.0, 1.0, 1.0, 1.0, 1.0, 1.0, 1.0, 1.0, 1.0, 1.0, 1.0, 1.0, 1.0, 1.0, 1.0, 1.0, 0.9925169944763184, 1.0, 1.0, 1.0, 1.0, 1.0, 1.0, 1.0, 1.0, 1.0, 1.0, 1.0, 1.0, 1.0, 1.0, 1.0, 1.0, 0.9993197321891785, 1.0, 1.0, 1.0, 1.0, 1.0, 1.0, 1.0, 0.8931972980499268, 1.0, 1.0, 1.0, 1.0, 1.0, 1.0, 1.0, 1.0], "test_acc": [0.005313496105372906, 0.0031880976166576147, 0.0012752390466630459, 0.0010626992443576455, 0.007226354908198118, 0.04208289086818695, 0.2546227276325226, 0.5377258062362671, 0.6911795735359192, 0.7791710495948792, 0.8484590649604797, 0.9069074988365173, 0.9562167525291443, 0.9868224859237671, 0.9980871081352234, 0.999787449836731, 0.9968118667602539, 1.0, 1.0, 1.0, 1.0, 1.0, 1.0, 1.0, 0.7674813866615295, 1.0, 1.0, 1.0, 1.0, 1.0, 1.0, 1.0, 1.0, 1.0, 1.0, 1.0, 1.0, 1.0, 1.0, 1.0, 1.0, 0.9880977272987366, 1.0, 1.0, 1.0, 1.0, 1.0, 1.0, 1.0, 1.0, 1.0, 1.0, 1.0, 1.0, 1.0, 1.0, 1.0, 1.0, 0.9965993165969849, 1.0, 1.0, 1.0, 1.0, 1.0, 1.0, 1.0, 0.8741763830184937, 1.0, 1.0, 1.0, 1.0, 1.0, 1.0, 1.0, 1.0], "steps": [50, 100, 150, 200, 250, 300, 350, 400, 450, 500, 550, 600, 650, 700, 750, 800, 850, 900, 950, 1000, 1050, 1100, 1150, 1200, 1250, 1300, 1350, 1400, 1450, 1500, 1550, 1600, 1650, 1700, 1750, 1800, 1850, 1900, 1950, 2000, 2050, 2100, 2150, 2200, 2250, 2300, 2350, 2400, 2450, 2500, 2550, 2600, 2650, 2700, 2750, 2800, 2850, 2900, 2950, 3000, 3050, 3100, 3150, 3200, 3250, 3300, 3350, 3400, 3450, 3500, 3550, 3600, 3650, 3700, 3750], "forgetting_events_total": [0, 77, 196, 360, 517, 622, 687, 698, 698, 698, 698, 698, 698, 698, 698, 698, 700, 700, 700, 700, 700, 700, 700, 700, 1794, 1794, 1794, 1794, 1794, 1794, 1794, 1794, 1794, 1794, 1794, 1794, 1794, 1794, 1794, 1794, 1794, 1838, 1838, 1838, 1838, 1838, 1838, 1838, 1838, 1838, 1838, 1838, 1838, 1838, 1838, 1838, 1838, 1838, 1842, 1842, 1842, 1842, 1842, 1842, 1842, 1842, 2470, 2470, 2470, 2470, 2470, 2470, 2470, 2470, 2470], "forgetting_events_mean": [0.0, 0.013095238246023655, 0.03333333507180214, 0.06122449040412903, 0.08792517334222794, 0.10578231513500214, 0.11683673411607742, 0.11870748549699783, 0.11870748549699783, 0.11870748549699783, 0.11870748549699783, 0.11870748549699783, 0.11870748549699783, 0.11870748549699783, 0.11870748549699783, 0.11870748549699783, 0.1190476194024086, 0.1190476194024086, 0.1190476194024086, 0.1190476194024086, 0.1190476194024086, 0.1190476194024086, 0.1190476194024086, 0.1190476194024086, 0.30510205030441284, 0.30510205030441284, 0.30510205030441284, 0.30510205030441284, 0.30510205030441284, 0.30510205030441284, 0.30510205030441284, 0.30510205030441284, 0.30510205030441284, 0.30510205030441284, 0.30510205030441284, 0.30510205030441284, 0.30510205030441284, 0.30510205030441284, 0.30510205030441284, 0.30510205030441284, 0.30510205030441284, 0.3125850260257721, 0.3125850260257721, 0.3125850260257721, 0.3125850260257721, 0.3125850260257721, 0.3125850260257721, 0.3125850260257721, 0.3125850260257721, 0.3125850260257721, 0.3125850260257721, 0.3125850260257721, 0.3125850260257721, 0.3125850260257721, 0.3125850260257721, 0.3125850260257721, 0.3125850260257721, 0.3125850260257721, 0.313265323638916, 0.313265323638916, 0.313265323638916, 0.313265323638916, 0.313265323638916, 0.313265323638916, 0.313265323638916, 0.313265323638916, 0.42006802558898926, 0.42006802558898926, 0.42006802558898926, 0.42006802558898926, 0.42006802558898926, 0.42006802558898926, 0.42006802558898926, 0.42006802558898926, 0.42006802558898926]}