{"train_loss": [4.399842739105225, 3.605018138885498, 2.92712140083313, 2.1883559226989746, 1.629162073135376, 1.331433653831482, 1.0988306999206543, 0.9024293422698975, 0.7256627082824707, 0.47637608647346497, 0.2793944180011749, 0.14526301622390747, 0.08929482102394104, 0.07115837931632996, 0.062483105808496475, 0.05853906646370888, 0.05337756499648094, 0.051231883466243744, 0.053318142890930176, 0.04906999319791794, 0.06516881287097931, 0.039034947752952576, 0.039206232875585556, 0.04093038663268089, 0.04231703281402588, 0.043155353516340256, 0.042514823377132416, 0.27104732394218445, 0.035570479929447174, 0.03339261934161186, 0.03571072965860367, 0.03750934451818466, 0.0383109413087368, 0.03889671340584755, 0.07472148537635803, 0.3349030315876007, 0.04613418132066727, 0.03696698695421219, 0.03668705374002457, 0.03793000802397728, 0.03904347121715546, 0.040116291493177414, 0.1691046953201294, 0.034973178058862686, 0.032712195068597794, 0.03493824973702431, 0.03702222928404808, 0.03823717683553696, 0.03881163150072098, 0.039938222616910934, 0.12046156078577042, 0.034254442900419235, 0.031365424394607544, 0.033240292221307755, 0.03549676015973091, 0.03709838539361954, 0.03798489645123482, 0.03839554265141487, 3.6998698711395264, 0.043869759887456894, 0.028113096952438354, 0.029071472585201263, 0.03191670775413513, 0.03429353982210159, 0.03562847152352333, 0.036548007279634476, 0.03625522553920746, 0.48962053656578064, 0.03358655050396919, 0.027693908661603928, 0.02931366302073002, 0.03185306489467621, 0.03383461758494377, 0.03513731434941292, 0.2747263014316559, 0.05272085219621658, 0.02492886409163475], "test_loss": [4.7200727462768555, 5.576660633087158, 5.832009792327881, 5.9786577224731445, 5.91964054107666, 5.729091167449951, 5.458582878112793, 5.083578586578369, 4.500041484832764, 3.5886971950531006, 2.491564989089966, 1.5407235622406006, 0.9926498532295227, 0.6907662153244019, 0.5046225190162659, 0.3849891722202301, 0.2868054211139679, 0.22628982365131378, 0.19414371252059937, 0.1526106745004654, 0.1363869458436966, 0.08210000395774841, 0.07805237919092178, 0.07677065581083298, 0.0754459947347641, 0.0734134167432785, 0.06890565901994705, 0.36010560393333435, 0.05326354131102562, 0.047607049345970154, 0.049389053136110306, 0.05044937878847122, 0.050667211413383484, 0.050619419664144516, 0.09565707296133041, 0.42353585362434387, 0.06468112766742706, 0.04874536395072937, 0.04590032994747162, 0.045935630798339844, 0.046225834637880325, 0.046828605234622955, 0.21980518102645874, 0.04524080455303192, 0.039891455322504044, 0.041287317872047424, 0.042847681790590286, 0.043624334037303925, 0.04389248415827751, 0.04497199505567551, 0.15676619112491608, 0.0447588749229908, 0.03834741935133934, 0.03907177597284317, 0.040851298719644547, 0.04210422933101654, 0.042836617678403854, 0.04313870891928673, 3.842033863067627, 0.058882877230644226, 0.035505518317222595, 0.034839749336242676, 0.037135761231184006, 0.0391971692442894, 0.04025973752140999, 0.041004639118909836, 0.04047052189707756, 0.5912647247314453, 0.045675378292798996, 0.034691449254751205, 0.034907713532447815, 0.036784034222364426, 0.03836291283369064, 0.03936703875660896, 0.30852946639060974, 0.07165593653917313, 0.030952095985412598], "train_acc": [0.06060606241226196, 0.22688621282577515, 0.5012368559837341, 0.6965832114219666, 0.7408009171485901, 0.7617501616477966, 0.7891929745674133, 0.825293779373169, 0.8699752688407898, 0.9310451745986938, 0.9779685139656067, 0.9982220530509949, 1.0, 1.0, 1.0, 1.0, 1.0, 1.0, 1.0, 1.0, 1.0, 1.0, 1.0, 1.0, 1.0, 1.0, 1.0, 0.99969083070755, 1.0, 1.0, 1.0, 1.0, 1.0, 1.0, 1.0, 0.9939703345298767, 1.0, 1.0, 1.0, 1.0, 1.0, 1.0, 0.9999227523803711, 1.0, 1.0, 1.0, 1.0, 1.0, 1.0, 1.0, 0.99969083070755, 1.0, 1.0, 1.0, 1.0, 1.0, 1.0, 1.0, 0.20153062045574188, 1.0, 1.0, 1.0, 1.0, 1.0, 1.0, 1.0, 1.0, 0.9849258065223694, 1.0, 1.0, 1.0, 1.0, 1.0, 1.0, 0.9976036548614502, 1.0, 1.0], "test_acc": [0.006588735152035952, 0.006588735152035952, 0.0017003187676891685, 0.002975557930767536, 0.011264611966907978, 0.02082890458405018, 0.0382571704685688, 0.06695005297660828, 0.11540913581848145, 0.2174282670021057, 0.39808714389801025, 0.6206163763999939, 0.79744952917099, 0.9013814926147461, 0.9596173763275146, 0.9846971035003662, 0.9965993165969849, 0.999787449836731, 0.999787449836731, 0.9993623495101929, 1.0, 1.0, 1.0, 1.0, 1.0, 1.0, 1.0, 0.997236967086792, 1.0, 1.0, 1.0, 1.0, 1.0, 1.0, 1.0, 0.9902231693267822, 1.0, 1.0, 1.0, 1.0, 1.0, 1.0, 0.999787449836731, 1.0, 1.0, 1.0, 1.0, 1.0, 1.0, 1.0, 0.9985122084617615, 1.0, 1.0, 1.0, 1.0, 1.0, 1.0, 1.0, 0.15366630256175995, 1.0, 1.0, 1.0, 1.0, 1.0, 1.0, 1.0, 1.0, 0.968331515789032, 1.0, 1.0, 1.0, 1.0, 1.0, 1.0, 0.9957491755485535, 1.0, 1.0], "steps": [50, 100, 150, 200, 250, 300, 350, 400, 450, 500, 550, 600, 650, 700, 750, 800, 850, 900, 950, 1000, 1050, 1100, 1150, 1200, 1250, 1300, 1350, 1400, 1450, 1500, 1550, 1600, 1650, 1700, 1750, 1800, 1850, 1900, 1950, 2000, 2050, 2100, 2150, 2200, 2250, 2300, 2350, 2400, 2450, 2500, 2550, 2600, 2650, 2700, 2750, 2800, 2850, 2900, 2950, 3000, 3050, 3100, 3150, 3200, 3250, 3300, 3350, 3400, 3450, 3500, 3550, 3600, 3650, 3700, 3750, 3800, 3850], "forgetting_events_total": [0, 345, 596, 735, 756, 782, 851, 993, 1176, 1300, 1367, 1372, 1372, 1372, 1372, 1372, 1372, 1372, 1372, 1372, 1372, 1372, 1372, 1372, 1372, 1372, 1372, 1376, 1376, 1376, 1376, 1376, 1376, 1376, 1376, 1454, 1454, 1454, 1454, 1454, 1454, 1454, 1455, 1455, 1455, 1455, 1455, 1455, 1455, 1455, 1459, 1459, 1459, 1459, 1459, 1459, 1459, 1459, 11788, 11788, 11788, 11788, 11788, 11788, 11788, 11788, 11788, 11983, 11983, 11983, 11983, 11983, 11983, 11983, 12014, 12014, 12014], "forgetting_events_mean": [0.0, 0.026669759303331375, 0.04607297480106354, 0.05681818351149559, 0.058441560715436935, 0.0604514554142952, 0.06578540802001953, 0.07676252722740173, 0.09090909361839294, 0.10049474984407425, 0.10567409545183182, 0.10606060922145844, 0.10606060922145844, 0.10606060922145844, 0.10606060922145844, 0.10606060922145844, 0.10606060922145844, 0.10606060922145844, 0.10606060922145844, 0.10606060922145844, 0.10606060922145844, 0.10606060922145844, 0.10606060922145844, 0.10606060922145844, 0.10606060922145844, 0.10606060922145844, 0.10606060922145844, 0.10636982321739197, 0.10636982321739197, 0.10636982321739197, 0.10636982321739197, 0.10636982321739197, 0.10636982321739197, 0.10636982321739197, 0.10636982321739197, 0.11239951103925705, 0.11239951103925705, 0.11239951103925705, 0.11239951103925705, 0.11239951103925705, 0.11239951103925705, 0.11239951103925705, 0.11247681081295013, 0.11247681081295013, 0.11247681081295013, 0.11247681081295013, 0.11247681081295013, 0.11247681081295013, 0.11247681081295013, 0.11247681081295013, 0.11278602480888367, 0.11278602480888367, 0.11278602480888367, 0.11278602480888367, 0.11278602480888367, 0.11278602480888367, 0.11278602480888367, 0.11278602480888367, 0.911255419254303, 0.911255419254303, 0.911255419254303, 0.911255419254303, 0.911255419254303, 0.911255419254303, 0.911255419254303, 0.911255419254303, 0.911255419254303, 0.9263296723365784, 0.9263296723365784, 0.9263296723365784, 0.9263296723365784, 0.9263296723365784, 0.9263296723365784, 0.9263296723365784, 0.928726077079773, 0.928726077079773, 0.928726077079773]}