{"train_loss": [4.365845680236816, 3.557443141937256, 2.866939067840576, 2.1210215091705322, 1.609744906425476, 1.275589942932129, 0.9768608212471008, 0.5996666550636292, 0.29294082522392273, 0.15076762437820435, 0.10674169659614563, 0.08849933743476868, 0.07796821743249893, 0.06997577846050262, 0.06539737433195114, 0.06118049845099449, 0.05817214772105217, 0.269076406955719, 0.05464194715023041, 0.04639974981546402, 0.045862119644880295, 0.046366170048713684, 0.04634111374616623, 0.04577696695923805, 0.044741835445165634, 0.04329727217555046, 0.062043800950050354, 0.032371021807193756, 0.0331718847155571, 0.03545505926012993, 0.037072841078042984, 0.03774106875061989, 0.037948835641145706, 0.03767867013812065, 0.06584598869085312, 0.029928766191005707, 0.030358564108610153, 0.033342890441417694, 0.035607002675533295, 0.03679340332746506, 0.03708508983254433, 0.037209317088127136, 1.9585015773773193, 0.06756217032670975, 0.03549670800566673, 0.032649002969264984, 0.0337858609855175, 0.03559781238436699, 0.037058088928461075, 2.7226061820983887, 0.04056442528963089, 0.028312277048826218, 0.029919084161520004, 0.032538555562496185, 0.03462856262922287, 0.03581396862864494, 0.03628626838326454, 0.036710359156131744, 3.214966297149658, 0.06997499614953995, 0.033214736729860306, 0.030658166855573654, 0.032287344336509705, 0.03442881628870964, 0.03618723154067993, 0.03736251965165138, 0.038031306117773056, 4.522852897644043, 0.7366328239440918, 0.047456320375204086, 0.03476709499955177, 0.034643907099962234, 0.03595675528049469, 0.03727146238088608], "test_loss": [4.756742477416992, 5.575282573699951, 5.853116512298584, 5.958271503448486, 5.848085880279541, 5.544594764709473, 4.799688816070557, 3.4645988941192627, 1.9343048334121704, 1.1150280237197876, 0.7384129166603088, 0.5507793426513672, 0.4227914810180664, 0.3317551910877228, 0.2605735957622528, 0.21441560983657837, 0.17230911552906036, 0.4533578157424927, 0.10441837459802628, 0.0856957659125328, 0.08049377053976059, 0.0773480013012886, 0.07397438585758209, 0.07012266665697098, 0.06579612195491791, 0.061138130724430084, 0.09266828000545502, 0.04627823084592819, 0.04448731243610382, 0.04566400125622749, 0.046449121087789536, 0.04630391672253609, 0.04584009572863579, 0.044925201684236526, 0.09427636861801147, 0.03976964205503464, 0.03711104765534401, 0.039096903055906296, 0.04088864475488663, 0.04181692376732826, 0.04173906147480011, 0.041643090546131134, 2.286599636077881, 0.10155037045478821, 0.04801883548498154, 0.0403161346912384, 0.039391789585351944, 0.040193960070610046, 0.04106052219867706, 3.083115577697754, 0.055683016777038574, 0.034944456070661545, 0.03466769680380821, 0.03648670017719269, 0.038069311529397964, 0.039029814302921295, 0.0392853207886219, 0.03955083340406418, 3.5934503078460693, 0.10255546122789383, 0.044613104313611984, 0.03729279711842537, 0.0370565764605999, 0.03822487220168114, 0.03941073268651962, 0.04022353142499924, 0.04066813364624977, 4.588754653930664, 0.8748220205307007, 0.06325968354940414, 0.042447563260793686, 0.04018121585249901, 0.04046785086393356, 0.04121638461947441], "train_acc": [0.061688315123319626, 0.2509276568889618, 0.517702579498291, 0.7098021507263184, 0.7417285442352295, 0.7662338018417358, 0.8141620755195618, 0.899041473865509, 0.9813698530197144, 0.9993816018104553, 1.0, 1.0, 1.0, 1.0, 1.0, 1.0, 1.0, 0.9979128241539001, 1.0, 1.0, 1.0, 1.0, 1.0, 1.0, 1.0, 1.0, 1.0, 1.0, 1.0, 1.0, 1.0, 1.0, 1.0, 1.0, 1.0, 1.0, 1.0, 1.0, 1.0, 1.0, 1.0, 1.0, 0.5725881457328796, 1.0, 1.0, 1.0, 1.0, 1.0, 1.0, 0.4143475592136383, 1.0, 1.0, 1.0, 1.0, 1.0, 1.0, 1.0, 1.0, 0.2632962465286255, 0.9999227523803711, 1.0, 1.0, 1.0, 1.0, 1.0, 1.0, 1.0, 0.0235776137560606, 0.9615028500556946, 1.0, 1.0, 1.0, 1.0, 1.0], "test_acc": [0.006801275070756674, 0.0051009561866521835, 0.0017003187676891685, 0.0025504780933260918, 0.008926673792302608, 0.023166842758655548, 0.0648246556520462, 0.18384696543216705, 0.49479275941848755, 0.7829967737197876, 0.9211477041244507, 0.9691817164421082, 0.9889479279518127, 0.9963868260383606, 0.9991497993469238, 0.9989372491836548, 1.0, 0.9815090298652649, 1.0, 1.0, 1.0, 1.0, 1.0, 1.0, 1.0, 1.0, 1.0, 1.0, 1.0, 1.0, 1.0, 1.0, 1.0, 1.0, 1.0, 1.0, 1.0, 1.0, 1.0, 1.0, 1.0, 1.0, 0.44527098536491394, 1.0, 1.0, 1.0, 1.0, 1.0, 1.0, 0.2814027667045593, 1.0, 1.0, 1.0, 1.0, 1.0, 1.0, 1.0, 1.0, 0.12922422587871552, 0.999787449836731, 1.0, 1.0, 1.0, 1.0, 1.0, 1.0, 1.0, 0.013390010222792625, 0.9222103953361511, 1.0, 1.0, 1.0, 1.0, 1.0], "steps": [50, 100, 150, 200, 250, 300, 350, 400, 450, 500, 550, 600, 650, 700, 750, 800, 850, 900, 950, 1000, 1050, 1100, 1150, 1200, 1250, 1300, 1350, 1400, 1450, 1500, 1550, 1600, 1650, 1700, 1750, 1800, 1850, 1900, 1950, 2000, 2050, 2100, 2150, 2200, 2250, 2300, 2350, 2400, 2450, 2500, 2550, 2600, 2650, 2700, 2750, 2800, 2850, 2900, 2950, 3000, 3050, 3100, 3150, 3200, 3250, 3300, 3350, 3400, 3450, 3500, 3550, 3600, 3650, 3700], "forgetting_events_total": [0, 321, 615, 694, 722, 762, 832, 902, 927, 927, 927, 927, 927, 927, 927, 927, 927, 954, 954, 954, 954, 954, 954, 954, 954, 954, 954, 954, 954, 954, 954, 954, 954, 954, 954, 954, 954, 954, 954, 954, 954, 954, 6483, 6483, 6483, 6483, 6483, 6483, 6483, 14059, 14059, 14059, 14059, 14059, 14059, 14059, 14059, 14059, 23589, 23589, 23589, 23589, 23589, 23589, 23589, 23589, 23589, 36220, 36221, 36221, 36221, 36221, 36221, 36221], "forgetting_events_mean": [0.0, 0.02481447160243988, 0.047541745007038116, 0.05364873260259628, 0.05581323802471161, 0.058905381709337234, 0.06431663781404495, 0.06972789019346237, 0.07166048884391785, 0.07166048884391785, 0.07166048884391785, 0.07166048884391785, 0.07166048884391785, 0.07166048884391785, 0.07166048884391785, 0.07166048884391785, 0.07166048884391785, 0.07374768704175949, 0.07374768704175949, 0.07374768704175949, 0.07374768704175949, 0.07374768704175949, 0.07374768704175949, 0.07374768704175949, 0.07374768704175949, 0.07374768704175949, 0.07374768704175949, 0.07374768704175949, 0.07374768704175949, 0.07374768704175949, 0.07374768704175949, 0.07374768704175949, 0.07374768704175949, 0.07374768704175949, 0.07374768704175949, 0.07374768704175949, 0.07374768704175949, 0.07374768704175949, 0.07374768704175949, 0.07374768704175949, 0.07374768704175949, 0.07374768704175949, 0.5011595487594604, 0.5011595487594604, 0.5011595487594604, 0.5011595487594604, 0.5011595487594604, 0.5011595487594604, 0.5011595487594604, 1.0868120193481445, 1.0868120193481445, 1.0868120193481445, 1.0868120193481445, 1.0868120193481445, 1.0868120193481445, 1.0868120193481445, 1.0868120193481445, 1.0868120193481445, 1.8235158920288086, 1.8235158920288086, 1.8235158920288086, 1.8235158920288086, 1.8235158920288086, 1.8235158920288086, 1.8235158920288086, 1.8235158920288086, 1.8235158920288086, 2.799938201904297, 2.800015687942505, 2.800015687942505, 2.800015687942505, 2.800015687942505, 2.800015687942505, 2.800015687942505]}