{"train_loss": [4.536773681640625, 4.268850803375244, 3.8899431228637695, 3.533454418182373, 3.0125796794891357, 2.372328996658325, 1.5799598693847656, 0.9736512303352356, 0.6704497933387756, 0.46364259719848633, 0.29559388756752014, 0.17261604964733124, 0.10963454097509384, 0.08923852443695068, 0.08263752609491348, 0.07758385688066483, 0.07530956715345383, 0.06680458039045334, 0.06178510934114456, 0.16159214079380035, 0.05117888003587723, 0.050140202045440674, 0.051553502678871155, 0.0523470975458622, 0.05221157893538475, 0.051839325577020645, 0.05144033953547478, 2.552156448364258, 0.0693676546216011, 0.04646558314561844, 0.04506542161107063, 0.04591062292456627, 0.046989958733320236, 0.04783134534955025, 0.04764562100172043, 4.50764274597168, 0.0898166298866272, 0.04647142067551613, 0.04478815570473671, 0.045892540365457535, 0.0469694659113884, 0.04754676669836044, 0.048083219677209854, 5.165197372436523, 0.22106000781059265, 0.053189948201179504, 0.048460621386766434, 0.04912734776735306, 0.04998039826750755, 0.05010746046900749, 0.050400711596012115, 0.04960785061120987, 0.20670606195926666, 0.044214729219675064, 0.04139761999249458, 0.044016990810632706, 0.046264685690402985, 0.04755387455224991, 0.04816051200032234, 0.048799291253089905, 0.24801401793956757, 0.037983108311891556, 0.03618420287966728, 0.03964025154709816, 0.042693156749010086, 0.04457179829478264, 0.046346265822649, 0.07760585844516754, 0.037793293595314026, 0.028991444036364555, 0.03305555507540703, 0.037170201539993286, 0.040160488337278366, 0.04193155840039253], "test_loss": [4.638301849365234, 5.048617362976074, 5.446154594421387, 5.523252010345459, 5.512392997741699, 5.180165767669678, 4.019010066986084, 2.9109325408935547, 2.396881580352783, 1.8815953731536865, 1.3078219890594482, 0.7541698217391968, 0.45791342854499817, 0.3183664381504059, 0.24685288965702057, 0.20164962112903595, 0.17260058224201202, 0.13875842094421387, 0.11645261198282242, 0.2410716712474823, 0.07786094397306442, 0.07342702150344849, 0.0730806514620781, 0.07221303135156631, 0.07007770985364914, 0.06747462600469589, 0.0649789422750473, 2.8816726207733154, 0.08659995347261429, 0.05589517951011658, 0.05267751216888428, 0.052658695727586746, 0.05316390097141266, 0.05373810976743698, 0.05310937389731407, 4.554677486419678, 0.10892918705940247, 0.05356732755899429, 0.050101809203624725, 0.0505041778087616, 0.051228780299425125, 0.051523178815841675, 0.051914311945438385, 5.191726207733154, 0.25518590211868286, 0.0612700916826725, 0.054427117109298706, 0.05411417782306671, 0.05461942031979561, 0.054245032370090485, 0.054194603115320206, 0.053297583013772964, 0.23831938207149506, 0.051142603158950806, 0.04611723870038986, 0.04802747443318367, 0.049927711486816406, 0.05089845880866051, 0.051440078765153885, 0.051876846700906754, 0.2757077217102051, 0.04303904250264168, 0.039378754794597626, 0.042371317744255066, 0.04530923813581467, 0.047162435948848724, 0.04897771775722504, 0.08176323026418686, 0.044262271374464035, 0.03191839158535004, 0.035607386380434036, 0.03969355300068855, 0.04272822290658951, 0.04456860572099686], "train_acc": [0.021744411438703537, 0.08527696877717972, 0.18015062808990479, 0.29859086871147156, 0.471331387758255, 0.5855199098587036, 0.707118570804596, 0.8249514102935791, 0.9001457691192627, 0.9589407444000244, 0.9916180968284607, 0.999028205871582, 1.0, 1.0, 1.0, 1.0, 1.0, 1.0, 1.0, 0.9998785257339478, 1.0, 1.0, 1.0, 1.0, 1.0, 1.0, 1.0, 0.5224732756614685, 1.0, 1.0, 1.0, 1.0, 1.0, 1.0, 1.0, 0.025388726964592934, 1.0, 1.0, 1.0, 1.0, 1.0, 1.0, 1.0, 0.03134110942482948, 1.0, 1.0, 1.0, 1.0, 1.0, 1.0, 1.0, 1.0, 0.9989067316055298, 1.0, 1.0, 1.0, 1.0, 1.0, 1.0, 1.0, 0.9992711544036865, 1.0, 1.0, 1.0, 1.0, 1.0, 1.0, 1.0, 1.0, 1.0, 1.0, 1.0, 1.0, 1.0], "test_acc": [0.005526036024093628, 0.007013814989477396, 0.005951115861535072, 0.006376195233315229, 0.011052072048187256, 0.03379383683204651, 0.10988309979438782, 0.20871412754058838, 0.3154091238975525, 0.4535600244998932, 0.6578108072280884, 0.8784272074699402, 0.9772582054138184, 0.9978745579719543, 0.999787449836731, 1.0, 1.0, 1.0, 1.0, 0.999787449836731, 1.0, 1.0, 1.0, 1.0, 1.0, 1.0, 1.0, 0.38002124428749084, 1.0, 1.0, 1.0, 1.0, 1.0, 1.0, 1.0, 0.019341126084327698, 1.0, 1.0, 1.0, 1.0, 1.0, 1.0, 1.0, 0.025717321783304214, 0.9995748996734619, 1.0, 1.0, 1.0, 1.0, 1.0, 1.0, 1.0, 0.997024416923523, 1.0, 1.0, 1.0, 1.0, 1.0, 1.0, 1.0, 0.9985122084617615, 1.0, 1.0, 1.0, 1.0, 1.0, 1.0, 1.0, 1.0, 1.0, 1.0, 1.0, 1.0, 1.0], "steps": [50, 100, 150, 200, 250, 300, 350, 400, 450, 500, 550, 600, 650, 700, 750, 800, 850, 900, 950, 1000, 1050, 1100, 1150, 1200, 1250, 1300, 1350, 1400, 1450, 1500, 1550, 1600, 1650, 1700, 1750, 1800, 1850, 1900, 1950, 2000, 2050, 2100, 2150, 2200, 2250, 2300, 2350, 2400, 2450, 2500, 2550, 2600, 2650, 2700, 2750, 2800, 2850, 2900, 2950, 3000, 3050, 3100, 3150, 3200, 3250, 3300, 3350, 3400, 3450, 3500, 3550, 3600, 3650, 3700], "forgetting_events_total": [0, 117, 408, 710, 935, 1114, 1189, 1317, 1427, 1507, 1535, 1541, 1541, 1541, 1541, 1541, 1541, 1541, 1541, 1542, 1542, 1542, 1542, 1542, 1542, 1542, 1542, 5473, 5473, 5473, 5473, 5473, 5473, 5473, 5473, 13496, 13496, 13496, 13496, 13496, 13496, 13496, 13496, 21470, 21470, 21470, 21470, 21470, 21470, 21470, 21470, 21470, 21479, 21479, 21479, 21479, 21479, 21479, 21479, 21479, 21485, 21485, 21485, 21485, 21485, 21485, 21485, 21485, 21485, 21485, 21485, 21485, 21485, 21485], "forgetting_events_mean": [0.0, 0.014212828129529953, 0.04956268146634102, 0.08624878525733948, 0.11358114331960678, 0.13532555103302002, 0.14443634450435638, 0.15998542308807373, 0.17334790527820587, 0.18306608498096466, 0.18646743893623352, 0.1871962994337082, 0.1871962994337082, 0.1871962994337082, 0.1871962994337082, 0.1871962994337082, 0.1871962994337082, 0.1871962994337082, 0.1871962994337082, 0.18731778860092163, 0.18731778860092163, 0.18731778860092163, 0.18731778860092163, 0.18731778860092163, 0.18731778860092163, 0.18731778860092163, 0.18731778860092163, 0.6648445129394531, 0.6648445129394531, 0.6648445129394531, 0.6648445129394531, 0.6648445129394531, 0.6648445129394531, 0.6648445129394531, 0.6648445129394531, 1.639455795288086, 1.639455795288086, 1.639455795288086, 1.639455795288086, 1.639455795288086, 1.639455795288086, 1.639455795288086, 1.639455795288086, 2.608114719390869, 2.608114719390869, 2.608114719390869, 2.608114719390869, 2.608114719390869, 2.608114719390869, 2.608114719390869, 2.608114719390869, 2.608114719390869, 2.60920786857605, 2.60920786857605, 2.60920786857605, 2.60920786857605, 2.60920786857605, 2.60920786857605, 2.60920786857605, 2.60920786857605, 2.6099367141723633, 2.6099367141723633, 2.6099367141723633, 2.6099367141723633, 2.6099367141723633, 2.6099367141723633, 2.6099367141723633, 2.6099367141723633, 2.6099367141723633, 2.6099367141723633, 2.6099367141723633, 2.6099367141723633, 2.6099367141723633, 2.6099367141723633]}