{"train_loss": [4.526933670043945, 4.221803188323975, 3.8088879585266113, 3.4441897869110107, 3.0025153160095215, 2.479046583175659, 1.987064242362976, 1.518798589706421, 1.0326870679855347, 0.5248100757598877, 0.27997371554374695, 0.18565352261066437, 0.13317807018756866, 0.11711502075195312, 0.09444522112607956, 0.08689554780721664, 0.09058547765016556, 0.07556135952472687, 0.06843206286430359, 0.06818864494562149, 0.17635895311832428, 0.057956963777542114, 0.05574524402618408, 0.05756371468305588, 0.059453751891851425, 0.059791237115859985, 0.05990983173251152, 4.485773086547852, 0.09364745020866394, 0.05513547360897064, 0.052739959210157394, 0.053652573376894, 0.0547194629907608, 0.05509262904524803, 0.05469873547554016, 0.05423274636268616, 3.824249744415283, 0.1270512044429779, 0.053985677659511566, 0.049374550580978394, 0.04983663558959961, 0.05189589038491249, 0.05362249165773392, 0.05493808537721634, 4.424952507019043, 0.11463114619255066, 0.05645448714494705, 0.051991112530231476, 0.05284135788679123, 0.053607817739248276, 0.05409175530076027, 0.05404026061296463, 0.05594472587108612, 0.05861419811844826, 0.042905569076538086, 0.046375516802072525, 0.048891909420490265, 0.05041433498263359, 0.0512564443051815, 4.541079521179199, 0.22180193662643433, 0.058581072837114334, 0.04935678094625473, 0.04892277717590332, 0.05055299401283264, 0.05252939090132713, 0.054189156740903854, 3.934770107269287, 0.07764675468206406, 0.04690862447023392, 0.04679129272699356, 0.0493316650390625, 0.05169406533241272, 0.05303899943828583, 0.05378544330596924], "test_loss": [4.644506931304932, 5.135434150695801, 5.524543285369873, 5.6316704750061035, 5.686275482177734, 5.620420455932617, 5.40688943862915, 4.828081130981445, 3.791508674621582, 2.3582637310028076, 1.4686391353607178, 1.0008544921875, 0.6823377013206482, 0.5189670920372009, 0.3798377215862274, 0.2950320243835449, 0.2567410469055176, 0.1904904693365097, 0.15514332056045532, 0.13877667486667633, 0.2615218758583069, 0.0876370370388031, 0.08166658133268356, 0.08237223327159882, 0.08272416889667511, 0.08152618259191513, 0.07953495532274246, 4.60620641708374, 0.11846787482500076, 0.06716203689575195, 0.0628294050693512, 0.06280525028705597, 0.06321115046739578, 0.06320521980524063, 0.062309447675943375, 0.06127774715423584, 3.9481096267700195, 0.15724457800388336, 0.0635640025138855, 0.05617854744195938, 0.0554484985768795, 0.056865837424993515, 0.058259088546037674, 0.059465326368808746, 4.473937511444092, 0.1385417878627777, 0.06552021205425262, 0.05825110897421837, 0.05800968036055565, 0.058093663305044174, 0.05824827030301094, 0.05806232988834381, 0.06003653258085251, 0.06665441393852234, 0.047063879668712616, 0.05018021911382675, 0.052552059292793274, 0.05399016663432121, 0.0548115149140358, 4.581596374511719, 0.27100327610969543, 0.06922995299100876, 0.05575593188405037, 0.05365860462188721, 0.054698001593351364, 0.056350819766521454, 0.05777478963136673, 4.054507732391357, 0.09396221488714218, 0.05358997359871864, 0.05188607797026634, 0.0537433959543705, 0.05593026801943779, 0.05694152042269707, 0.057553306221961975], "train_acc": [0.020286686718463898, 0.08612731099128723, 0.20396015048027039, 0.3454810380935669, 0.4640427529811859, 0.5662050247192383, 0.636297345161438, 0.7125850319862366, 0.816083550453186, 0.9516521096229553, 0.9942905902862549, 0.999028205871582, 1.0, 1.0, 1.0, 1.0, 1.0, 1.0, 1.0, 1.0, 1.0, 1.0, 1.0, 1.0, 1.0, 1.0, 1.0, 0.054907675832509995, 1.0, 1.0, 1.0, 1.0, 1.0, 1.0, 1.0, 1.0, 0.1355685144662857, 1.0, 1.0, 1.0, 1.0, 1.0, 1.0, 1.0, 0.04312439262866974, 1.0, 1.0, 1.0, 1.0, 1.0, 1.0, 1.0, 1.0, 1.0, 1.0, 1.0, 1.0, 1.0, 1.0, 0.02806122414767742, 0.999514102935791, 1.0, 1.0, 1.0, 1.0, 1.0, 1.0, 0.1693391650915146, 1.0, 1.0, 1.0, 1.0, 1.0, 1.0, 1.0], "test_acc": [0.008714133873581886, 0.006588735152035952, 0.0023379384074360132, 0.0010626992443576455, 0.002975557930767536, 0.007863974198698997, 0.021891603246331215, 0.05738575756549835, 0.1526036113500595, 0.3846971094608307, 0.6420828700065613, 0.807438850402832, 0.9149840474128723, 0.9696067571640015, 0.9906482100486755, 0.9982996582984924, 0.9991497993469238, 0.999787449836731, 1.0, 1.0, 0.9982996582984924, 1.0, 1.0, 1.0, 1.0, 1.0, 1.0, 0.034006375819444656, 1.0, 1.0, 1.0, 1.0, 1.0, 1.0, 1.0, 1.0, 0.09075451642274857, 1.0, 1.0, 1.0, 1.0, 1.0, 1.0, 1.0, 0.046546224504709244, 1.0, 1.0, 1.0, 1.0, 1.0, 1.0, 1.0, 1.0, 1.0, 1.0, 1.0, 1.0, 1.0, 1.0, 0.02210414409637451, 0.9982996582984924, 1.0, 1.0, 1.0, 1.0, 1.0, 1.0, 0.12752391397953033, 0.9995748996734619, 1.0, 1.0, 1.0, 1.0, 1.0, 1.0], "steps": [50, 100, 150, 200, 250, 300, 350, 400, 450, 500, 550, 600, 650, 700, 750, 800, 850, 900, 950, 1000, 1050, 1100, 1150, 1200, 1250, 1300, 1350, 1400, 1450, 1500, 1550, 1600, 1650, 1700, 1750, 1800, 1850, 1900, 1950, 2000, 2050, 2100, 2150, 2200, 2250, 2300, 2350, 2400, 2450, 2500, 2550, 2600, 2650, 2700, 2750, 2800, 2850, 2900, 2950, 3000, 3050, 3100, 3150, 3200, 3250, 3300, 3350, 3400, 3450, 3500, 3550, 3600, 3650, 3700, 3750], "forgetting_events_total": [0, 119, 332, 573, 862, 1030, 1143, 1232, 1372, 1406, 1415, 1418, 1418, 1418, 1418, 1418, 1418, 1418, 1418, 1418, 1418, 1418, 1418, 1418, 1418, 1418, 1418, 9198, 9198, 9198, 9198, 9198, 9198, 9198, 9198, 9198, 16314, 16314, 16314, 16314, 16314, 16314, 16314, 16314, 24191, 24191, 24191, 24191, 24191, 24191, 24191, 24191, 24191, 24191, 24191, 24191, 24191, 24191, 24191, 32192, 32194, 32194, 32194, 32194, 32194, 32194, 32194, 39032, 39032, 39032, 39032, 39032, 39032, 39032, 39032], "forgetting_events_mean": [0.0, 0.014455782249569893, 0.040330417454242706, 0.06960641592741013, 0.1047133132815361, 0.12512147426605225, 0.13884839415550232, 0.14965985715389252, 0.1666666716337204, 0.17079688608646393, 0.17189018428325653, 0.17225462198257446, 0.17225462198257446, 0.17225462198257446, 0.17225462198257446, 0.17225462198257446, 0.17225462198257446, 0.17225462198257446, 0.17225462198257446, 0.17225462198257446, 0.17225462198257446, 0.17225462198257446, 0.17225462198257446, 0.17225462198257446, 0.17225462198257446, 0.17225462198257446, 0.17225462198257446, 1.1173468828201294, 1.1173468828201294, 1.1173468828201294, 1.1173468828201294, 1.1173468828201294, 1.1173468828201294, 1.1173468828201294, 1.1173468828201294, 1.1173468828201294, 1.9817783832550049, 1.9817783832550049, 1.9817783832550049, 1.9817783832550049, 1.9817783832550049, 1.9817783832550049, 1.9817783832550049, 1.9817783832550049, 2.9386539459228516, 2.9386539459228516, 2.9386539459228516, 2.9386539459228516, 2.9386539459228516, 2.9386539459228516, 2.9386539459228516, 2.9386539459228516, 2.9386539459228516, 2.9386539459228516, 2.9386539459228516, 2.9386539459228516, 2.9386539459228516, 2.9386539459228516, 2.9386539459228516, 3.910592794418335, 3.9108357429504395, 3.9108357429504395, 3.9108357429504395, 3.9108357429504395, 3.9108357429504395, 3.9108357429504395, 3.9108357429504395, 4.741496562957764, 4.741496562957764, 4.741496562957764, 4.741496562957764, 4.741496562957764, 4.741496562957764, 4.741496562957764, 4.741496562957764]}