{"train_loss": [4.562597274780273, 4.491373538970947, 4.3176116943359375, 4.093634605407715, 3.799140453338623, 3.285825490951538, 2.4244704246520996, 1.2677421569824219, 0.45307445526123047, 0.18470460176467896, 0.11626553535461426, 0.08794745802879333, 0.07671582698822021, 0.07032617926597595, 0.06540895253419876, 0.0630098432302475, 0.4001635015010834, 0.0509534515440464, 0.046808451414108276, 0.04834664240479469, 0.04948488250374794, 0.04963471740484238, 0.049466896802186966, 0.051524169743061066, 0.1010182574391365, 0.046983785927295685, 0.04501494765281677, 0.04595504328608513, 0.046687934547662735, 0.046767231076955795, 0.046335652470588684, 0.045770641416311264, 0.2529398500919342, 0.04695280268788338, 0.04035038873553276, 0.041599955409765244, 0.04335738345980644, 0.04438956454396248, 0.04458601772785187, 0.044212982058525085, 0.043526791036129, 0.04402235895395279, 0.06430841982364655, 0.03299623727798462, 0.035054419189691544, 0.037876687943935394, 0.03983389213681221, 0.040707413107156754, 0.04102465882897377, 0.041230205446481705, 0.2502300441265106, 0.046811480075120926, 0.03816579282283783, 0.03846488147974014, 0.04005827382206917, 0.041139692068099976, 0.04155094549059868, 0.04185030609369278, 4.480528354644775, 0.1262579709291458, 0.04512990266084671, 0.042281150817871094, 0.04268031194806099, 0.04340282082557678, 0.04400324821472168, 0.04453128203749657, 0.044978220015764236, 0.0662093386054039, 0.03163417428731918, 0.03332269564270973, 0.03672827035188675, 0.03943968936800957], "test_loss": [4.6223530769348145, 4.749964237213135, 5.191488742828369, 5.441132068634033, 5.503762245178223, 5.256710052490234, 4.452600479125977, 2.938936710357666, 1.3731390237808228, 0.648371160030365, 0.38408079743385315, 0.2522878050804138, 0.18948578834533691, 0.15231506526470184, 0.1263999491930008, 0.109922394156456, 0.5072752237319946, 0.07005394995212555, 0.06232880800962448, 0.06267577409744263, 0.0627221018075943, 0.06165340915322304, 0.0601540133357048, 0.061731766909360886, 0.12058670818805695, 0.05455074459314346, 0.051074668765068054, 0.051407769322395325, 0.05170506611466408, 0.051470376551151276, 0.050630755722522736, 0.049715619534254074, 0.2817451059818268, 0.0534919910132885, 0.04455159232020378, 0.04502507299184799, 0.046373818069696426, 0.04711863771080971, 0.04711584374308586, 0.04657093808054924, 0.04572083801031113, 0.046031877398490906, 0.07234422117471695, 0.03594492748379707, 0.03737792372703552, 0.0399709977209568, 0.04182044789195061, 0.04258986562490463, 0.042841836810112, 0.04301263019442558, 0.2747206687927246, 0.05248531699180603, 0.04145735874772072, 0.041079308837652206, 0.04243847727775574, 0.043435536324977875, 0.04365954175591469, 0.04386067017912865, 4.519700527191162, 0.14145392179489136, 0.04956872761249542, 0.045466285198926926, 0.045328784734010696, 0.04577114060521126, 0.046155914664268494, 0.04656985402107239, 0.046949293464422226, 0.07419227063655853, 0.03426223248243332, 0.03521396592259407, 0.038447193801403046, 0.04106207937002182], "train_acc": [0.014880952425301075, 0.02954931929707527, 0.05250850319862366, 0.07971938699483871, 0.14094386994838715, 0.28316324949264526, 0.5238094925880432, 0.8411989808082581, 0.9923469424247742, 1.0, 1.0, 1.0, 1.0, 1.0, 1.0, 1.0, 0.995535671710968, 1.0, 1.0, 1.0, 1.0, 1.0, 1.0, 1.0, 1.0, 1.0, 1.0, 1.0, 1.0, 1.0, 1.0, 1.0, 0.9991496205329895, 1.0, 1.0, 1.0, 1.0, 1.0, 1.0, 1.0, 1.0, 1.0, 1.0, 1.0, 1.0, 1.0, 1.0, 1.0, 1.0, 1.0, 0.9995747804641724, 1.0, 1.0, 1.0, 1.0, 1.0, 1.0, 1.0, 0.03167517110705376, 0.9997873902320862, 1.0, 1.0, 1.0, 1.0, 1.0, 1.0, 1.0, 1.0, 1.0, 1.0, 1.0, 1.0], "test_acc": [0.006163655314594507, 0.0019128585699945688, 0.0010626992443576455, 0.0006376195233315229, 0.0010626992443576455, 0.003400637535378337, 0.03634431213140488, 0.24038256704807281, 0.6660999059677124, 0.9251859784126282, 0.9857597947120667, 0.9982996582984924, 1.0, 1.0, 1.0, 1.0, 0.9859723448753357, 1.0, 1.0, 1.0, 1.0, 1.0, 1.0, 1.0, 1.0, 1.0, 1.0, 1.0, 1.0, 1.0, 1.0, 1.0, 0.9985122084617615, 1.0, 1.0, 1.0, 1.0, 1.0, 1.0, 1.0, 1.0, 1.0, 1.0, 1.0, 1.0, 1.0, 1.0, 1.0, 1.0, 1.0, 0.9985122084617615, 1.0, 1.0, 1.0, 1.0, 1.0, 1.0, 1.0, 0.0191285852342844, 0.999787449836731, 1.0, 1.0, 1.0, 1.0, 1.0, 1.0, 1.0, 1.0, 1.0, 1.0, 1.0, 1.0], "steps": [50, 100, 150, 200, 250, 300, 350, 400, 450, 500, 550, 600, 650, 700, 750, 800, 850, 900, 950, 1000, 1050, 1100, 1150, 1200, 1250, 1300, 1350, 1400, 1450, 1500, 1550, 1600, 1650, 1700, 1750, 1800, 1850, 1900, 1950, 2000, 2050, 2100, 2150, 2200, 2250, 2300, 2350, 2400, 2450, 2500, 2550, 2600, 2650, 2700, 2750, 2800, 2850, 2900, 2950, 3000, 3050, 3100, 3150, 3200, 3250, 3300, 3350, 3400, 3450, 3500, 3550, 3600], "forgetting_events_total": [0, 65, 154, 292, 442, 629, 819, 895, 902, 902, 902, 902, 902, 902, 902, 902, 923, 923, 923, 923, 923, 923, 923, 923, 923, 923, 923, 923, 923, 923, 923, 923, 927, 927, 927, 927, 927, 927, 927, 927, 927, 927, 927, 927, 927, 927, 927, 927, 927, 927, 929, 929, 929, 929, 929, 929, 929, 929, 5484, 5484, 5484, 5484, 5484, 5484, 5484, 5484, 5484, 5484, 5484, 5484, 5484, 5484], "forgetting_events_mean": [0.0, 0.013818026520311832, 0.0327380932867527, 0.06207482889294624, 0.09396257996559143, 0.13371598720550537, 0.1741071343421936, 0.19026359915733337, 0.19175170361995697, 0.19175170361995697, 0.19175170361995697, 0.19175170361995697, 0.19175170361995697, 0.19175170361995697, 0.19175170361995697, 0.19175170361995697, 0.19621598720550537, 0.19621598720550537, 0.19621598720550537, 0.19621598720550537, 0.19621598720550537, 0.19621598720550537, 0.19621598720550537, 0.19621598720550537, 0.19621598720550537, 0.19621598720550537, 0.19621598720550537, 0.19621598720550537, 0.19621598720550537, 0.19621598720550537, 0.19621598720550537, 0.19621598720550537, 0.1970663219690323, 0.1970663219690323, 0.1970663219690323, 0.1970663219690323, 0.1970663219690323, 0.1970663219690323, 0.1970663219690323, 0.1970663219690323, 0.1970663219690323, 0.1970663219690323, 0.1970663219690323, 0.1970663219690323, 0.1970663219690323, 0.1970663219690323, 0.1970663219690323, 0.1970663219690323, 0.1970663219690323, 0.1970663219690323, 0.19749149680137634, 0.19749149680137634, 0.19749149680137634, 0.19749149680137634, 0.19749149680137634, 0.19749149680137634, 0.19749149680137634, 0.19749149680137634, 1.165816307067871, 1.165816307067871, 1.165816307067871, 1.165816307067871, 1.165816307067871, 1.165816307067871, 1.165816307067871, 1.165816307067871, 1.165816307067871, 1.165816307067871, 1.165816307067871, 1.165816307067871, 1.165816307067871, 1.165816307067871]}