{"train_loss": [4.5614752769470215, 4.472325801849365, 4.2576212882995605, 3.839428663253784, 3.0742461681365967, 1.9354534149169922, 0.8614270687103271, 0.26579564809799194, 0.10022514313459396, 0.05631706491112709, 0.038563698530197144, 0.028858395293354988, 0.02294689603149891, 0.01893666572868824, 0.016058877110481262, 0.013895835727453232, 0.01223556138575077, 0.010899166576564312, 0.009810470044612885, 0.008921154774725437, 0.008159923367202282, 0.007517090532928705, 0.006964415777474642, 0.006476663518697023, 0.006061492953449488, 0.005690011195838451, 0.005350848659873009, 0.0050536212511360645, 0.004779693204909563, 0.004536972381174564, 0.0043080393224954605, 0.004106274340301752, 0.003917091991752386, 0.003741385182365775, 0.0035800188779830933, 0.003427134593948722, 0.003288028994575143, 0.0031544764060527086, 0.003029599552974105, 0.002913243370130658, 0.0028028697706758976, 0.002699136035516858, 0.0025996488984674215, 0.0025051420088857412, 0.0024202291388064623, 0.0023352275602519512, 0.0022560968063771725, 0.0021812347695231438, 0.002108669141307473, 0.0020413154270499945, 0.0019754022359848022, 0.001913266722112894, 0.0018537859432399273, 0.0017962950514629483, 0.0017419266514480114, 0.0016892054118216038, 0.0016386889619752765, 0.001588632119819522, 0.0015417340910062194, 0.0014972429489716887, 0.0014536636881530285, 0.0014124573208391666, 0.0013724640011787415, 0.0013335439143702388, 0.0012961571337655187, 0.0012603197246789932, 0.0012248920975252986, 0.0011913413181900978, 0.0011568308109417558, 0.0011237920261919498, 0.0010960183572024107, 0.0010627893498167396, 0.001034530228935182, 0.0010049875127151608, 0.0009774016216397285, 0.0009533701231703162, 0.0009234004537574947, 0.0009010134963318706, 0.0008742224308662117, 0.0008508013561367989, 0.0008272882550954819, 0.0008080701809376478, 0.00078448565909639, 0.0007622175035066903, 0.0007398129673674703, 0.0007205264992080629, 0.000705452635884285, 0.0006849670899100602, 0.0006617039325647056, 0.0006437412812374532, 0.0006261808448471129, 0.0006120470352470875, 0.0005933819338679314, 0.0005766567192040384, 0.0005611030501313508, 0.0005501164123415947, 0.0005312262219376862, 0.000518404005561024, 0.0005045695579610765, 0.000492334715090692, 0.00047104505938477814, 0.000464285199996084, 0.0004524234391283244, 0.000435170775745064, 0.00042708602268248796, 0.0004181127587798983, 0.0003991733829025179, 0.0003906510246451944], "test_loss": [4.626284599304199, 4.81938362121582, 5.340738773345947, 5.685781955718994, 5.707582473754883, 5.089334964752197, 3.9967854022979736, 2.75997257232666, 2.148510456085205, 1.8375564813613892, 1.6363195180892944, 1.4921150207519531, 1.3679949045181274, 1.2655081748962402, 1.1683133840560913, 1.0871437788009644, 1.015998125076294, 0.9482113718986511, 0.8844125866889954, 0.8276472091674805, 0.7747786045074463, 0.7241159081459045, 0.6761244535446167, 0.6327052116394043, 0.5936751961708069, 0.5555580258369446, 0.5187985301017761, 0.4845898151397705, 0.4521355628967285, 0.4215429127216339, 0.39268988370895386, 0.36653995513916016, 0.3404342830181122, 0.3170604109764099, 0.29531925916671753, 0.2724658250808716, 0.25307148694992065, 0.23412981629371643, 0.21772170066833496, 0.20136992633342743, 0.18625867366790771, 0.17202652990818024, 0.15896044671535492, 0.14651352167129517, 0.1355087012052536, 0.12528319656848907, 0.11499667167663574, 0.10589604824781418, 0.09735175222158432, 0.08947974443435669, 0.08224908262491226, 0.07596740126609802, 0.06963260471820831, 0.06404078751802444, 0.05911571532487869, 0.05432257801294327, 0.04993200674653053, 0.046019475907087326, 0.04229654744267464, 0.038908276706933975, 0.036033738404512405, 0.033165402710437775, 0.030563896521925926, 0.028199248015880585, 0.026029445230960846, 0.023947419598698616, 0.022129859775304794, 0.02044140361249447, 0.018926694989204407, 0.017422737553715706, 0.01617548055946827, 0.014928445219993591, 0.013934105634689331, 0.012825106270611286, 0.0119529003277421, 0.011011606082320213, 0.010226840153336525, 0.009546724148094654, 0.008881572633981705, 0.008278991095721722, 0.007581435609608889, 0.007172263227403164, 0.00672823516651988, 0.00624292204156518, 0.00579061871394515, 0.00540287047624588, 0.0051714107394218445, 0.004787327256053686, 0.004474873188883066, 0.004171921405941248, 0.003944129217416048, 0.0036894958466291428, 0.003453170182183385, 0.0032515274360775948, 0.003078094217926264, 0.0029039611108601093, 0.00272558256983757, 0.0025668172165751457, 0.002442872617393732, 0.002297480357810855, 0.0021445928141474724, 0.002052915282547474, 0.0019328718772158027, 0.0018240379868075252, 0.0017180870054289699, 0.0016498344484716654, 0.001546408049762249, 0.0014763361541554332], "train_acc": [0.017006803303956985, 0.029124148190021515, 0.058673467487096786, 0.13031461834907532, 0.3369472622871399, 0.6201105117797852, 0.8939200639724731, 0.9957482814788818, 1.0, 1.0, 1.0, 1.0, 1.0, 1.0, 1.0, 1.0, 1.0, 1.0, 1.0, 1.0, 1.0, 1.0, 1.0, 1.0, 1.0, 1.0, 1.0, 1.0, 1.0, 1.0, 1.0, 1.0, 1.0, 1.0, 1.0, 1.0, 1.0, 1.0, 1.0, 1.0, 1.0, 1.0, 1.0, 1.0, 1.0, 1.0, 1.0, 1.0, 1.0, 1.0, 1.0, 1.0, 1.0, 1.0, 1.0, 1.0, 1.0, 1.0, 1.0, 1.0, 1.0, 1.0, 1.0, 1.0, 1.0, 1.0, 1.0, 1.0, 1.0, 1.0, 1.0, 1.0, 1.0, 1.0, 1.0, 1.0, 1.0, 1.0, 1.0, 1.0, 1.0, 1.0, 1.0, 1.0, 1.0, 1.0, 1.0, 1.0, 1.0, 1.0, 1.0, 1.0, 1.0, 1.0, 1.0, 1.0, 1.0, 1.0, 1.0, 1.0, 1.0, 1.0, 1.0, 1.0, 1.0, 1.0, 1.0, 1.0], "test_acc": [0.004463336896151304, 0.0025504780933260918, 0.0012752390466630459, 0.0006376195233315229, 0.004463336896151304, 0.053985122591257095, 0.18575982749462128, 0.4099893569946289, 0.5107332468032837, 0.5528161525726318, 0.5738576054573059, 0.5978745818138123, 0.615515410900116, 0.6323060393333435, 0.6522848010063171, 0.6675876379013062, 0.6890541911125183, 0.7056322693824768, 0.721572756767273, 0.7400637269020081, 0.7587672472000122, 0.7734324932098389, 0.7929861545562744, 0.8110520243644714, 0.8214665055274963, 0.8325185775756836, 0.8459085822105408, 0.8575983047485352, 0.8709883093833923, 0.88544100522995, 0.8958554267883301, 0.9041445255279541, 0.9124335646629333, 0.9213602542877197, 0.9300743937492371, 0.9402762651443481, 0.947502613067627, 0.9545164704322815, 0.9591923356056213, 0.9647183418273926, 0.9700318574905396, 0.974070131778717, 0.9781083464622498, 0.9812964797019958, 0.9840595126152039, 0.9855472445487976, 0.9876726865768433, 0.9900106191635132, 0.9910733103752136, 0.9914984107017517, 0.9925611019134521, 0.9934112429618835, 0.9940488338470459, 0.9951115846633911, 0.9965993165969849, 0.9968118667602539, 0.9978745579719543, 0.9985122084617615, 0.9987247586250305, 0.9989372491836548, 0.9993623495101929, 0.999787449836731, 0.999787449836731, 0.9995748996734619, 0.999787449836731, 0.999787449836731, 0.999787449836731, 1.0, 1.0, 1.0, 1.0, 1.0, 1.0, 1.0, 1.0, 1.0, 1.0, 1.0, 1.0, 1.0, 1.0, 1.0, 1.0, 1.0, 1.0, 1.0, 1.0, 1.0, 1.0, 1.0, 1.0, 1.0, 1.0, 1.0, 1.0, 1.0, 1.0, 1.0, 1.0, 1.0, 1.0, 1.0, 1.0, 1.0, 1.0, 1.0, 1.0, 1.0], "steps": [50, 100, 150, 200, 250, 300, 350, 400, 450, 500, 550, 600, 650, 700, 750, 800, 850, 900, 950, 1000, 1050, 1100, 1150, 1200, 1250, 1300, 1350, 1400, 1450, 1500, 1550, 1600, 1650, 1700, 1750, 1800, 1850, 1900, 1950, 2000, 2050, 2100, 2150, 2200, 2250, 2300, 2350, 2400, 2450, 2500, 2550, 2600, 2650, 2700, 2750, 2800, 2850, 2900, 2950, 3000, 3050, 3100, 3150, 3200, 3250, 3300, 3350, 3400, 3450, 3500, 3550, 3600, 3650, 3700, 3750, 3800, 3850, 3900, 3950, 4000, 4050, 4100, 4150, 4200, 4250, 4300, 4350, 4400, 4450, 4500, 4550, 4600, 4650, 4700, 4750, 4800, 4850, 4900, 4950, 5000, 5050, 5100, 5150, 5200, 5250, 5300, 5350, 5400],