{
  "exp1": {
    "spearman_rho": -0.8845726053279072,
    "spearman_p": 1.1913334191285653e-05,
    "cohens_d_0_vs_01": 3.910973945091456,
    "grok_steps_by_wd": {
      "0.0": [
        15050,
        25400,
        13100
      ],
      "0.001": [
        14100,
        25100,
        12350
      ],
      "0.01": [
        9300,
        18150,
        8300
      ],
      "0.1": [
        2550,
        3600,
        2400
      ],
      "1.0": [
        600,
        550,
        600
      ]
    },
    "forget_events_by_wd": {
      "0.0": [
        0.09268707482993198,
        0.11096938775510204,
        0.11947278911564625
      ],
      "0.001": [
        0.09268707482993198,
        0.11075680272108844,
        0.11947278911564625
      ],
      "0.01": [
        0.09226190476190477,
        0.11033163265306123,
        0.11926020408163265
      ],
      "0.1": [
        0.09587585034013606,
        0.12181122448979592,
        0.12627551020408162
      ],
      "1.0": [
        0.31420068027210885,
        2.118622448979592,
        1.1658163265306123
      ]
    }
  },
  "exp2": {
    "grok_by_dup": {
      "1": [
        600,
        550,
        600
      ],
      "2": [
        500,
        550,
        750
      ],
      "4": [
        700,
        600,
        750
      ],
      "8": [
        850,
        700,
        850
      ]
    },
    "dup_fe_means": [
      1.1904761904761907,
      0.24263038548752835,
      2.7293083900226756,
      1.6658163265306125
    ],
    "nondup_fe_means": [
      1.2025699168556312,
      0.20266439909297052,
      2.750188964474679,
      1.954931972789116
    ]
  },
  "exp3": {
    "interventions": [
      "baseline",
      "dropout_0.1",
      "dropout_0.3",
      "noise_small",
      "noise_large",
      "reset_gentle",
      "reset_aggressive"
    ],
    "grok_means": [
      583.3333333333334,
      800.0,
      7433.333333333333,
      583.3333333333334,
      583.3333333333334,
      550.0,
      566.6666666666666
    ],
    "auc_means": [
      0.8814121831827993,
      0.8403165035516338,
      0.5974286215905794,
      0.877913218810103,
      0.7002091301989114,
      0.8506209168374578,
      0.7876655022352034
    ]
  }
}