{"train_loss": [4.566719055175781, 4.548521041870117, 4.465249538421631, 4.345959663391113, 4.209863662719727, 4.088711738586426, 3.9631853103637695, 3.778856039047241, 3.427739381790161, 2.66273832321167, 1.872548222541809, 0.9453185200691223, 0.5523900985717773, 0.4077306091785431, 0.3290962874889374, 0.2866341769695282, 0.2551999092102051, 0.22198906540870667, 0.19918543100357056, 0.1667971909046173, 0.14737053215503693, 0.12767060101032257, 0.11018899828195572, 0.10165850073099136, 0.09884991496801376, 0.09135252237319946, 0.08450575917959213, 0.08345003426074982, 0.0711217001080513, 0.06991604715585709, 0.07105716317892075, 0.06410995870828629, 0.06525097042322159, 0.06170634925365448, 0.06365707516670227, 0.07160975784063339, 0.05148179456591606, 0.04877655580639839, 0.0521102100610733, 0.04657091200351715, 0.04700730741024017, 0.04831122234463692, 0.04500102251768112, 0.03679966926574707, 0.045900389552116394, 0.036218829452991486, 0.030795972794294357, 0.03496197983622551, 0.03374273702502251, 0.029048679396510124, 0.02835981547832489, 0.02518725022673607, 0.026773596182465553, 0.02549191378057003, 0.027730552479624748, 0.029054751619696617, 0.02287953719496727, 0.02474912256002426, 0.02411588281393051, 0.023985354229807854, 0.023784514516592026, 0.021149255335330963, 0.02286854200065136, 0.023465914651751518, 0.03028612770140171, 0.022184478119015694, 0.019021738320589066, 0.021284248679876328, 0.024559510871767998, 0.019207721576094627, 0.02798147313296795, 0.018883753567934036, 0.023998482152819633, 0.022828536108136177, 0.017994873225688934], "test_loss": [4.607771873474121, 4.626992702484131, 4.785574913024902, 5.032127380371094, 5.270456790924072, 5.348466396331787, 5.369011402130127, 5.331258296966553, 4.96168327331543, 3.73722767829895, 2.771740436553955, 1.4266384840011597, 0.8414443135261536, 0.6148239374160767, 0.49236008524894714, 0.4188999533653259, 0.36407583951950073, 0.3126716911792755, 0.2747769355773926, 0.22397024929523468, 0.19368277490139008, 0.16615982353687286, 0.1397375464439392, 0.12637734413146973, 0.11994966119527817, 0.10891050845384598, 0.09806616604328156, 0.09589742869138718, 0.08063707500696182, 0.07873133569955826, 0.07945722341537476, 0.07138384878635406, 0.07226494699716568, 0.06804213672876358, 0.07004593312740326, 0.07840651273727417, 0.056676410138607025, 0.05356043949723244, 0.05756774917244911, 0.051085349172353745, 0.05197858437895775, 0.053398314863443375, 0.0495532862842083, 0.03978824242949486, 0.05048708617687225, 0.039659373462200165, 0.03370662406086922, 0.03828386217355728, 0.037973180413246155, 0.03154255449771881, 0.031094778329133987, 0.027611302211880684, 0.029095005244016647, 0.02813841961324215, 0.030152851715683937, 0.03149980679154396, 0.024926377460360527, 0.027216283604502678, 0.02630591206252575, 0.026271143928170204, 0.025280741974711418, 0.022947445511817932, 0.024793773889541626, 0.025476979091763496, 0.03325776383280754, 0.024003487080335617, 0.02189493179321289, 0.023378336802124977, 0.02787986770272255, 0.020918237045407295, 0.03146764636039734, 0.02019542083144188, 0.026087582111358643, 0.025281718000769615, 0.019714273512363434], "train_acc": [0.01403061207383871, 0.01636904664337635, 0.03295068070292473, 0.04740646108984947, 0.058886054903268814, 0.07376700639724731, 0.1101190447807312, 0.14498299360275269, 0.23086734116077423, 0.40731292963027954, 0.6917516589164734, 0.9827805757522583, 0.9993622303009033, 1.0, 0.9997873902320862, 1.0, 1.0, 1.0, 0.9997873902320862, 1.0, 1.0, 1.0, 1.0, 1.0, 1.0, 1.0, 1.0, 1.0, 1.0, 1.0, 1.0, 1.0, 1.0, 1.0, 1.0, 1.0, 1.0, 1.0, 1.0, 1.0, 1.0, 1.0, 1.0, 1.0, 1.0, 1.0, 1.0, 1.0, 1.0, 1.0, 1.0, 1.0, 1.0, 1.0, 1.0, 1.0, 1.0, 1.0, 1.0, 1.0, 0.9997873902320862, 1.0, 1.0, 1.0, 0.9997873902320862, 1.0, 1.0, 1.0, 1.0, 1.0, 1.0, 0.9997873902320862, 0.9997873902320862, 1.0, 1.0], "test_acc": [0.00807651411741972, 0.005313496105372906, 0.002763018012046814, 0.0006376195233315229, 0.00021253984596114606, 0.0004250796919222921, 0.00021253984596114606, 0.0010626992443576455, 0.003400637535378337, 0.04059511050581932, 0.20722635090351105, 0.7910733222961426, 0.9611051678657532, 0.9863974452018738, 0.9959617257118225, 0.997236967086792, 0.9985122084617615, 0.9993623495101929, 0.9991497993469238, 1.0, 1.0, 1.0, 1.0, 1.0, 0.999787449836731, 1.0, 1.0, 1.0, 1.0, 1.0, 1.0, 1.0, 1.0, 1.0, 1.0, 1.0, 1.0, 1.0, 1.0, 1.0, 1.0, 1.0, 1.0, 1.0, 1.0, 1.0, 1.0, 1.0, 0.999787449836731, 1.0, 1.0, 1.0, 1.0, 1.0, 1.0, 1.0, 1.0, 1.0, 1.0, 1.0, 1.0, 1.0, 0.9995748996734619, 1.0, 0.999787449836731, 1.0, 0.999787449836731, 0.999787449836731, 0.9995748996734619, 1.0, 0.999787449836731, 1.0, 1.0, 1.0, 1.0], "steps": [50, 100, 150, 200, 250, 300, 350, 400, 450, 500, 550, 600, 650, 700, 750, 800, 850, 900, 950, 1000, 1050, 1100, 1150, 1200, 1250, 1300, 1350, 1400, 1450, 1500, 1550, 1600, 1650, 1700, 1750, 1800, 1850, 1900, 1950, 2000, 2050, 2100, 2150, 2200, 2250, 2300, 2350, 2400, 2450, 2500, 2550, 2600, 2650, 2700, 2750, 2800, 2850, 2900, 2950, 3000, 3050, 3100, 3150, 3200, 3250, 3300, 3350, 3400, 3450, 3500, 3550, 3600, 3650, 3700, 3750]}