{"train_loss": [4.562597274780273, 4.493610382080078, 4.332032680511475, 4.1140289306640625, 3.82832670211792, 3.386498212814331, 2.505284070968628, 1.5565133094787598, 0.47192901372909546, 0.32217931747436523, 0.08847850561141968, 0.3213881254196167, 0.06226036325097084, 0.4763568639755249, 0.05255412310361862, 0.6305979490280151, 0.046824000775814056, 0.6345436573028564, 0.04314533621072769, 0.7533740401268005, 0.038727402687072754, 0.5766510963439941, 0.036720555275678635, 1.0573585033416748, 0.0337238535284996, 0.7838782668113708, 0.03212498500943184, 0.7909834384918213, 0.03033437579870224, 0.8566616177558899, 0.029136937111616135, 0.90346759557724, 0.027867348864674568, 0.8957464694976807, 0.026543328538537025, 0.7245258092880249, 0.02539782039821148, 0.9878971576690674, 0.024232355877757072, 0.8445552587509155, 0.02421758323907852, 0.8086940050125122, 0.023327236995100975, 0.9370068311691284, 0.021835120394825935, 0.9956570863723755, 0.021586531773209572, 0.7907329797744751, 0.020401474088430405, 1.2959843873977661, 0.01965019665658474, 1.1059188842773438, 0.02047153376042843, 0.8734535574913025, 0.019144130870699883, 0.980354368686676, 0.018715111538767815, 0.8620129227638245, 0.018973514437675476, 1.143086314201355, 0.01802254654467106, 0.7187907695770264, 0.017267830669879913, 1.557174801826477, 0.017287498340010643, 0.7112340331077576, 0.01725071668624878, 0.8449257612228394, 0.01716436631977558, 1.167130470275879, 0.017298664897680283], "test_loss": [4.6223530769348145, 4.7495341300964355, 5.169125080108643, 5.4430413246154785, 5.490061283111572, 5.254244804382324, 4.649588108062744, 3.207972764968872, 1.4706848859786987, 0.8843517303466797, 0.2786034941673279, 0.609355092048645, 0.13919512927532196, 0.6984441876411438, 0.09101922810077667, 0.8255113959312439, 0.06879653036594391, 0.7671867609024048, 0.05729307234287262, 0.8445202708244324, 0.048115622252225876, 0.6617295145988464, 0.04371289163827896, 1.1261110305786133, 0.03878442943096161, 0.8295131325721741, 0.036192771047353745, 0.8379039168357849, 0.03365006297826767, 0.8859255909919739, 0.03187396749854088, 0.9417599439620972, 0.030483460053801537, 0.9307709336280823, 0.028733257204294205, 0.7568901181221008, 0.027435503900051117, 1.014137864112854, 0.02602568082511425, 0.8852697610855103, 0.02609132044017315, 0.8423525094985962, 0.024858511984348297, 0.9757091999053955, 0.023454194888472557, 1.003225564956665, 0.023267140612006187, 0.8301510810852051, 0.021842744201421738, 1.308746337890625, 0.02109229378402233, 1.1417551040649414, 0.022373082116246223, 0.8954806327819824, 0.020513366907835007, 1.0151302814483643, 0.0201300960034132, 0.8783165812492371, 0.020574545487761497, 1.17253839969635, 0.01951702870428562, 0.7484621405601501, 0.018604669719934464, 1.5699650049209595, 0.018861323595046997, 0.7415055632591248, 0.018496820703148842, 0.8751592040061951, 0.01847139745950699, 1.2061219215393066, 0.01890910603106022], "train_acc": [0.014880952425301075, 0.025722788646817207, 0.04634353518486023, 0.0788690447807312, 0.13966836035251617, 0.2710459232330322, 0.5095663070678711, 0.7555271983146667, 0.9863945245742798, 0.9987244606018066, 1.0, 0.9993622303009033, 1.0, 0.9965986013412476, 1.0, 0.9904336333274841, 1.0, 0.9868196845054626, 1.0, 0.9893707036972046, 1.0, 0.995323121547699, 1.0, 0.9610969424247742, 1.0, 0.9630101919174194, 1.0, 0.968962550163269, 1.0, 0.9691751599311829, 1.0, 0.9502550959587097, 1.0, 0.9849064350128174, 1.0, 0.9959608912467957, 1.0, 0.9713010191917419, 1.0, 0.980867326259613, 1.0, 0.957057774066925, 1.0, 0.9721513390541077, 1.0, 0.9861819744110107, 1.0, 0.9806547164916992, 1.0, 0.9170918464660645, 1.0, 0.9143282175064087, 1.0, 0.9685373902320862, 1.0, 0.990646243095398, 1.0, 0.9823554158210754, 1.0, 0.9489795565605164, 1.0, 0.9938350319862366, 1.0, 0.7465986013412476, 1.0, 0.9921343326568604, 1.0, 0.9842686653137207, 1.0, 0.940263569355011, 1.0], "test_acc": [0.006163655314594507, 0.002125398488715291, 0.0017003187676891685, 0.0008501593838445842, 0.00021253984596114606, 0.004250796977430582, 0.03613177314400673, 0.2006376087665558, 0.6123272776603699, 0.8590860366821289, 0.994686484336853, 0.9727948904037476, 1.0, 0.9810839295387268, 1.0, 0.9651434421539307, 1.0, 0.9732199311256409, 1.0, 0.9810839295387268, 1.0, 0.9880977272987366, 1.0, 0.9519659876823425, 1.0, 0.9526035785675049, 1.0, 0.9587672352790833, 1.0, 0.9676939249038696, 1.0, 0.9421891570091248, 1.0, 0.9817215204238892, 1.0, 0.9921360015869141, 1.0, 0.9679064750671387, 1.0, 0.973857581615448, 1.0, 0.9519659876823425, 1.0, 0.9655685424804688, 1.0, 0.9808713793754578, 1.0, 0.9819340705871582, 1.0, 0.908820390701294, 1.0, 0.9045695662498474, 1.0, 0.9653559923171997, 1.0, 0.9863974452018738, 1.0, 0.9778958559036255, 1.0, 0.9415515065193176, 1.0, 0.9912858605384827, 1.0, 0.7413389682769775, 1.0, 0.9889479279518127, 1.0, 0.9802337884902954, 1.0, 0.9321997761726379, 1.0], "steps": [50, 100, 150, 200, 250, 300, 350, 400, 450, 500, 550, 600, 650, 700, 750, 800, 850, 900, 950, 1000, 1050, 1100, 1150, 1200, 1250, 1300, 1350, 1400, 1450, 1500, 1550, 1600, 1650, 1700, 1750, 1800, 1850, 1900, 1950, 2000, 2050, 2100, 2150, 2200, 2250, 2300, 2350, 2400, 2450, 2500, 2550, 2600, 2650, 2700, 2750, 2800, 2850, 2900, 2950, 3000, 3050, 3100, 3150, 3200, 3250, 3300, 3350, 3400, 3450, 3500, 3550]}