{"train_loss": [4.562597274780273, 4.491373538970947, 4.3176116943359375, 4.093634605407715, 3.799140453338623, 3.285825490951538, 2.4244704246520996, 1.2677421569824219, 0.45307445526123047, 2.1286542415618896, 0.14085865020751953, 0.08956169337034225, 0.07668028026819229, 0.07119862735271454, 0.06843278557062149, 0.06497872620820999, 0.06426279246807098, 0.10833045095205307, 0.05100647732615471, 3.120655059814453, 0.05775737762451172, 0.049273304641246796, 0.04891033098101616, 0.048817627131938934, 0.04852164536714554, 0.04774097353219986, 0.046923551708459854, 0.6331189274787903, 0.05494214966893196, 1.2517366409301758, 0.0429062694311142, 0.04059180989861488, 0.04223080724477768, 0.043247003108263016, 0.043561194092035294, 0.04339427873492241, 0.6144726276397705, 0.03918518126010895, 0.034813374280929565, 2.0246808528900146, 0.03594367951154709, 0.03468521311879158, 0.037749625742435455, 0.039665158838033676, 0.04032697528600693, 0.04074659198522568, 0.22393357753753662, 0.03333708271384239, 0.03179817274212837, 3.8152685165405273, 0.04082009568810463, 0.03245524689555168, 0.03483416885137558, 0.036884114146232605, 0.03816201165318489, 0.038875628262758255, 0.0391538180410862, 0.040617845952510834, 0.4432772099971771, 1.32201087474823, 0.0302071962505579, 0.028627023100852966, 0.031024964526295662, 0.03316032141447067, 0.03457964211702347, 0.03560836240649223, 0.036382511258125305, 0.37406086921691895, 0.0246104896068573, 2.1640613079071045, 0.022593572735786438], "test_loss": [4.6223530769348145, 4.749964237213135, 5.191488742828369, 5.441132068634033, 5.503762245178223, 5.256710052490234, 4.452600479125977, 2.938936710357666, 1.3731390237808228, 2.7853152751922607, 0.3325176239013672, 0.20022809505462646, 0.15629509091377258, 0.13371413946151733, 0.11853136122226715, 0.10504565387964249, 0.09739311784505844, 0.14399760961532593, 0.06730999797582626, 3.222057580947876, 0.07041285187005997, 0.05903839319944382, 0.05767394229769707, 0.05678220093250275, 0.055745165795087814, 0.05422461777925491, 0.052881982177495956, 0.6690976619720459, 0.06401826441287994, 1.3187953233718872, 0.04760310798883438, 0.04424640163779259, 0.04554019123315811, 0.04629543796181679, 0.04639928415417671, 0.045949362218379974, 0.6395748853683472, 0.04425394535064697, 0.03797849267721176, 2.0737016201019287, 0.03974611312150955, 0.03738946095108986, 0.040200281888246536, 0.04192446544766426, 0.04241016134619713, 0.042765650898218155, 0.2411675900220871, 0.03744342550635338, 0.03443990275263786, 3.8175063133239746, 0.04547062888741493, 0.035085178911685944, 0.037080273032188416, 0.03890327364206314, 0.04003419727087021, 0.040608979761600494, 0.04081745818257332, 0.04229249060153961, 0.48617494106292725, 1.3792473077774048, 0.033765535801649094, 0.03119046241044998, 0.033308979123830795, 0.035240624099969864, 0.036468375474214554, 0.03738797456026077, 0.03806881606578827, 0.3972093164920807, 0.02817327342927456, 2.2096996307373047, 0.024800892919301987], "train_acc": [0.014880952425301075, 0.02954931929707527, 0.05250850319862366, 0.07971938699483871, 0.14094386994838715, 0.28316324949264526, 0.5238094925880432, 0.8411989808082581, 0.9923469424247742, 0.5408163070678711, 1.0, 1.0, 1.0, 1.0, 1.0, 1.0, 1.0, 1.0, 1.0, 0.2908163070678711, 1.0, 1.0, 1.0, 1.0, 1.0, 1.0, 1.0, 0.9659863710403442, 1.0, 0.8269557356834412, 1.0, 1.0, 1.0, 1.0, 1.0, 1.0, 0.9778911471366882, 1.0, 1.0, 0.8042091727256775, 1.0, 1.0, 1.0, 1.0, 1.0, 1.0, 0.9974489808082581, 1.0, 1.0, 0.11330781877040863, 1.0, 1.0, 1.0, 1.0, 1.0, 1.0, 1.0, 1.0, 0.9861819744110107, 0.8701105117797852, 1.0, 1.0, 1.0, 1.0, 1.0, 1.0, 1.0, 0.9957482814788818, 1.0, 0.774022102355957, 1.0], "test_acc": [0.006163655314594507, 0.0019128585699945688, 0.0010626992443576455, 0.0006376195233315229, 0.0010626992443576455, 0.003400637535378337, 0.03634431213140488, 0.24038256704807281, 0.6660999059677124, 0.28905418515205383, 0.9968118667602539, 1.0, 1.0, 1.0, 1.0, 1.0, 1.0, 1.0, 1.0, 0.25844845175743103, 1.0, 1.0, 1.0, 1.0, 1.0, 1.0, 1.0, 0.9617428183555603, 1.0, 0.8048883676528931, 1.0, 1.0, 1.0, 1.0, 1.0, 1.0, 0.976408064365387, 1.0, 1.0, 0.792136013507843, 1.0, 1.0, 1.0, 1.0, 1.0, 1.0, 0.9961742758750916, 1.0, 1.0, 0.10541976243257523, 1.0, 1.0, 1.0, 1.0, 1.0, 1.0, 1.0, 1.0, 0.974070131778717, 0.8454834818840027, 1.0, 1.0, 1.0, 1.0, 1.0, 1.0, 1.0, 0.9951115846633911, 1.0, 0.7604675889015198, 1.0], "steps": [50, 100, 150, 200, 250, 300, 350, 400, 450, 500, 550, 600, 650, 700, 750, 800, 850, 900, 950, 1000, 1050, 1100, 1150, 1200, 1250, 1300, 1350, 1400, 1450, 1500, 1550, 1600, 1650, 1700, 1750, 1800, 1850, 1900, 1950, 2000, 2050, 2100, 2150, 2200, 2250, 2300, 2350, 2400, 2450, 2500, 2550, 2600, 2650, 2700, 2750, 2800, 2850, 2900, 2950, 3000, 3050, 3100, 3150, 3200, 3250, 3300, 3350, 3400, 3450, 3500, 3550]}