{"train_loss": [4.562597274780273, 4.537377834320068, 4.34558629989624, 4.265230178833008, 3.854948043823242, 3.945627212524414, 2.6794304847717285, 3.2945640087127686, 0.8405365943908691, 2.3578901290893555, 0.1496918648481369, 2.259807586669922, 0.08789767324924469, 1.512379765510559, 0.07372823357582092, 2.3089523315429688, 0.06872519105672836, 1.757569432258606, 0.06407798826694489, 2.0019173622131348, 0.06012824550271034, 1.2809069156646729, 0.055386029183864594, 1.818629264831543, 0.05246884748339653, 2.647078037261963, 0.052391864359378815, 1.739302396774292, 0.049373261630535126, 1.6677886247634888, 0.04853108525276184, 1.819137454032898, 0.046997446566820145, 1.5484920740127563, 0.043602362275123596, 1.5725020170211792, 0.04264155402779579, 3.0033280849456787, 0.044138357043266296, 1.2183526754379272, 0.04045659676194191, 1.5666109323501587, 0.04028236120939255, 1.4170576333999634, 0.03798627480864525, 1.883510708808899, 0.0371486060321331, 1.3761800527572632, 0.03588661924004555, 1.736901879310608, 0.03456702455878258, 2.1401689052581787, 0.03612363338470459, 1.70426344871521, 0.035136908292770386, 1.3335963487625122, 0.0336434580385685, 1.691665530204773, 0.03237151354551315, 1.9083335399627686, 0.03271064534783363, 1.4714125394821167, 0.03093087673187256, 2.2901883125305176, 0.03197517991065979, 1.5638208389282227, 0.03145239129662514, 1.3592307567596436, 0.030564766377210617, 1.3986681699752808, 0.029833132401108742, 2.276261568069458, 0.03216026350855827], "test_loss": [4.6223530769348145, 4.777463436126709, 5.135563850402832, 5.341486930847168, 5.4638590812683105, 5.174241065979004, 4.787430286407471, 4.437227725982666, 2.3032796382904053, 3.2079336643218994, 0.4609622061252594, 2.7029731273651123, 0.18674975633621216, 1.8315114974975586, 0.12377849221229553, 2.518655776977539, 0.0992354303598404, 1.9142016172409058, 0.08526688814163208, 2.113054037094116, 0.07604742050170898, 1.3818750381469727, 0.06798963993787766, 1.892558217048645, 0.06211653724312782, 2.716780185699463, 0.060863181948661804, 1.7863150835037231, 0.05664768069982529, 1.7012395858764648, 0.05481116473674774, 1.8731731176376343, 0.05264918506145477, 1.5796877145767212, 0.04863176867365837, 1.6363725662231445, 0.04727858304977417, 3.058872938156128, 0.0491161122918129, 1.2795884609222412, 0.04471026733517647, 1.6254298686981201, 0.04431133717298508, 1.4509824514389038, 0.04176865890622139, 1.908097505569458, 0.04096870869398117, 1.4301457405090332, 0.03949747607111931, 1.7637609243392944, 0.03816674277186394, 2.1773390769958496, 0.03987989202141762, 1.7562503814697266, 0.03915543854236603, 1.3803634643554688, 0.037226490676403046, 1.7362908124923706, 0.03600761294364929, 1.9317439794540405, 0.03605267405509949, 1.5182121992111206, 0.03440685197710991, 2.3090009689331055, 0.035573560744524, 1.64364492893219, 0.034638263285160065, 1.4034513235092163, 0.03362172096967697, 1.4525593519210815, 0.03306363523006439, 2.3286781311035156, 0.0355912521481514], "train_acc": [0.014880952425301075, 0.015943877398967743, 0.04591836780309677, 0.0491071417927742, 0.13647958636283875, 0.11798468977212906, 0.46853742003440857, 0.18983842432498932, 0.9409013390541077, 0.3869047462940216, 1.0, 0.3667091727256775, 1.0, 0.6860119104385376, 1.0, 0.36862245202064514, 1.0, 0.540603756904602, 1.0, 0.4738520383834839, 1.0, 0.7336309552192688, 1.0, 0.6271258592605591, 1.0, 0.2663690447807312, 1.0, 0.5801445245742798, 1.0, 0.6360543966293335, 1.0, 0.5482568144798279, 1.0, 0.7244898080825806, 1.0, 0.6911139488220215, 1.0, 0.1934523731470108, 1.0, 0.8069728016853333, 1.0, 0.6160714030265808, 1.0, 0.8010203838348389, 1.0, 0.5710033774375916, 1.0, 0.7589285373687744, 1.0, 0.5980016589164734, 1.0, 0.3735119104385376, 1.0, 0.5839710831642151, 1.0, 0.7944302558898926, 1.0, 0.5958758592605591, 1.0, 0.5448554158210754, 1.0, 0.7312924861907959, 1.0, 0.36777210235595703, 1.0, 0.6602891087532043, 1.0, 0.7266156077384949, 1.0, 0.8371598720550537, 1.0, 0.3728741407394409, 1.0], "test_acc": [0.006163655314594507, 0.004463336896151304, 0.0019128585699945688, 0.0008501593838445842, 0.0004250796919222921, 0.0051009561866521835, 0.034006375819444656, 0.04314558953046799, 0.43081825971603394, 0.19064824283123016, 0.9759829640388489, 0.2340063750743866, 0.999787449836731, 0.56599360704422, 1.0, 0.31115832924842834, 1.0, 0.4860786199569702, 1.0, 0.44250795245170593, 1.0, 0.7024441957473755, 1.0, 0.592136025428772, 1.0, 0.25270986557006836, 1.0, 0.5564293265342712, 1.0, 0.6244420409202576, 1.0, 0.5285866260528564, 1.0, 0.7109457850456238, 1.0, 0.6758767366409302, 1.0, 0.18979808688163757, 1.0, 0.7832093238830566, 1.0, 0.5940488576889038, 1.0, 0.7851222157478333, 1.0, 0.5600425004959106, 1.0, 0.7449521422386169, 1.0, 0.5987247228622437, 1.0, 0.3625929653644562, 1.0, 0.5642932653427124, 1.0, 0.7706694602966309, 1.0, 0.5761955380439758, 1.0, 0.5445271134376526, 1.0, 0.7024441957473755, 1.0, 0.363655686378479, 1.0, 0.6354941129684448, 1.0, 0.7098830938339233, 1.0, 0.8112645745277405, 1.0, 0.3523910641670227, 1.0], "steps": [50, 100, 150, 200, 250, 300, 350, 400, 450, 500, 550, 600, 650, 700, 750, 800, 850, 900, 950, 1000, 1050, 1100, 1150, 1200, 1250, 1300, 1350, 1400, 1450, 1500, 1550, 1600, 1650, 1700, 1750, 1800, 1850, 1900, 1950, 2000, 2050, 2100, 2150, 2200, 2250, 2300, 2350, 2400, 2450, 2500, 2550, 2600, 2650, 2700, 2750, 2800, 2850, 2900, 2950, 3000, 3050, 3100, 3150, 3200, 3250, 3300, 3350, 3400, 3450, 3500, 3550, 3600, 3650]}