{"train_loss": [4.565162181854248, 4.537920951843262, 4.454858779907227, 4.340001583099365, 4.202904224395752, 4.075228691101074, 3.9468002319335938, 3.764421224594116, 3.4103314876556396, 2.6624538898468018, 2.101501226425171, 1.126774787902832, 0.5289404988288879, 0.2994763255119324, 0.20011006295681, 0.15475323796272278, 0.11832063645124435, 0.09365363419055939, 0.08360591530799866, 0.07889227569103241, 0.0696624368429184, 0.06184672564268112, 0.06277472525835037, 0.05740933120250702, 0.05588129162788391, 0.04994431883096695, 0.05056607723236084, 0.05259281024336815, 0.050376489758491516, 0.04584803059697151, 0.04112936556339264, 0.040430255234241486, 0.04252565652132034, 0.04127686098217964, 0.04004683345556259, 0.04205639660358429, 0.03788250684738159, 0.03890622407197952, 0.03549157828092575, 0.03793695196509361, 0.03559751808643341, 0.03324863687157631, 0.034665871411561966, 0.034084025770425797, 0.03245663270354271, 0.03440432623028755, 0.031346701085567474, 0.03254513442516327, 0.03341728821396828, 0.027610713616013527, 0.03255026042461395, 0.030246751382946968, 0.02909410558640957, 0.028272615745663643, 0.029048796743154526, 0.029035253450274467, 0.025736309587955475, 0.025826996192336082, 0.02707275003194809, 0.024146806448698044, 0.023838646709918976, 0.026783807203173637, 0.023393265902996063, 0.024420417845249176, 0.02190600521862507, 0.023029835894703865, 0.029816212132573128, 0.022506045177578926, 0.02713713049888611, 0.019469410181045532, 0.024224458262324333, 0.01862683705985546, 0.02006126567721367, 0.025771241635084152], "test_loss": [4.618533611297607, 4.648439884185791, 4.808582305908203, 5.034016132354736, 5.269926071166992, 5.363321304321289, 5.413291931152344, 5.410009384155273, 5.1436381340026855, 3.929368257522583, 3.3731610774993896, 1.8400492668151855, 0.8596982955932617, 0.487876296043396, 0.31676018238067627, 0.23447737097740173, 0.1708681285381317, 0.1317015439271927, 0.11470331251621246, 0.10627268254756927, 0.09173469990491867, 0.07913412153720856, 0.07854434847831726, 0.07043047249317169, 0.0677594244480133, 0.05954862758517265, 0.06009439751505852, 0.06246844306588173, 0.057904213666915894, 0.05252094194293022, 0.04746890440583229, 0.045744482427835464, 0.04754705727100372, 0.04656524956226349, 0.045719802379608154, 0.047864485532045364, 0.04208792373538017, 0.043324634432792664, 0.039213549345731735, 0.0423162616789341, 0.038812391459941864, 0.03670062869787216, 0.038134537637233734, 0.03762580454349518, 0.0354720838367939, 0.03779483214020729, 0.03477543219923973, 0.03565484285354614, 0.03685827553272247, 0.02999355085194111, 0.03591407090425491, 0.03375577926635742, 0.032065249979496, 0.03134452551603317, 0.031827401369810104, 0.03174419701099396, 0.028276601806282997, 0.028404302895069122, 0.029804829508066177, 0.026809727773070335, 0.02652677148580551, 0.029306523501873016, 0.025696709752082825, 0.02671308070421219, 0.023982927203178406, 0.02527826838195324, 0.0328882560133934, 0.024302948266267776, 0.030081672593951225, 0.02138294093310833, 0.02737194485962391, 0.020558856427669525, 0.022825853899121284, 0.028488032519817352], "train_acc": [0.014455782249569893, 0.0178571417927742, 0.0327380932867527, 0.0491071417927742, 0.063988097012043, 0.07334183156490326, 0.10055271536111832, 0.14838434755802155, 0.23341836035251617, 0.41624149680137634, 0.5837584733963013, 0.9213435053825378, 0.9959608912467957, 0.9997873902320862, 1.0, 1.0, 1.0, 1.0, 1.0, 1.0, 1.0, 1.0, 1.0, 1.0, 1.0, 1.0, 1.0, 1.0, 0.9997873902320862, 1.0, 1.0, 1.0, 1.0, 1.0, 1.0, 1.0, 1.0, 1.0, 1.0, 1.0, 1.0, 0.9997873902320862, 1.0, 1.0, 1.0, 1.0, 1.0, 1.0, 1.0, 1.0, 1.0, 1.0, 1.0, 1.0, 1.0, 1.0, 1.0, 1.0, 1.0, 1.0, 1.0, 1.0, 1.0, 1.0, 1.0, 1.0, 1.0, 1.0, 1.0, 1.0, 1.0, 1.0, 1.0, 1.0], "test_acc": [0.006163655314594507, 0.006376195233315229, 0.0017003187676891685, 0.0006376195233315229, 0.0004250796919222921, 0.0006376195233315229, 0.0004250796919222921, 0.0006376195233315229, 0.002125398488715291, 0.01764080673456192, 0.07481402903795242, 0.5345377326011658, 0.9526035785675049, 0.9948990345001221, 0.9987247586250305, 0.999787449836731, 1.0, 1.0, 1.0, 1.0, 1.0, 1.0, 1.0, 1.0, 1.0, 1.0, 1.0, 1.0, 1.0, 1.0, 1.0, 1.0, 1.0, 1.0, 1.0, 1.0, 1.0, 1.0, 1.0, 1.0, 1.0, 1.0, 1.0, 1.0, 1.0, 1.0, 1.0, 1.0, 1.0, 1.0, 0.999787449836731, 1.0, 1.0, 1.0, 0.999787449836731, 1.0, 1.0, 1.0, 1.0, 1.0, 1.0, 1.0, 1.0, 1.0, 1.0, 1.0, 1.0, 1.0, 1.0, 1.0, 0.999787449836731, 1.0, 0.999787449836731, 1.0], "steps": [50, 100, 150, 200, 250, 300, 350, 400, 450, 500, 550, 600, 650, 700, 750, 800, 850, 900, 950, 1000, 1050, 1100, 1150, 1200, 1250, 1300, 1350, 1400, 1450, 1500, 1550, 1600, 1650, 1700, 1750, 1800, 1850, 1900, 1950, 2000, 2050, 2100, 2150, 2200, 2250, 2300, 2350, 2400, 2450, 2500, 2550, 2600, 2650, 2700, 2750, 2800, 2850, 2900, 2950, 3000, 3050, 3100, 3150, 3200, 3250, 3300, 3350, 3400, 3450, 3500, 3550, 3600, 3650, 3700]}