{"train_loss": [4.554015636444092, 4.473759651184082, 4.311848163604736, 4.103992938995361, 3.7906975746154785, 3.211601495742798, 2.0729920864105225, 0.8809366226196289, 0.33265557885169983, 4.2883501052856445, 0.20934882760047913, 0.12474826723337173, 0.10453204810619354, 0.09434414654970169, 0.08784312009811401, 0.0818118304014206, 0.07924030721187592, 0.1567884236574173, 0.06711028516292572, 4.522021293640137, 0.12433354556560516, 0.07367006689310074, 0.06704944372177124, 0.06458701938390732, 0.06318861991167068, 0.062199145555496216, 0.060928475111722946, 0.35643860697746277, 0.08582953363656998, 4.292707443237305, 0.12759649753570557, 0.07663023471832275, 0.06773260235786438, 0.06357808411121368, 0.061236243695020676, 0.05980365723371506, 0.0586637444794178, 0.27958688139915466, 0.0719735324382782, 4.0490899085998535, 0.11672079563140869, 0.06931574642658234, 0.06077359616756439, 0.05719675496220589, 0.05601434037089348, 0.05513209477066994, 0.05594834312796593, 0.17474910616874695, 0.05971619859337807, 4.280776023864746, 0.11304206401109695, 0.06732717156410217, 0.06172199547290802, 0.059550460427999496, 0.058889057487249374, 0.0589122399687767, 0.05906282737851143, 0.15597160160541534, 0.050042204558849335, 4.425635814666748, 0.11093925684690475, 0.06695898622274399, 0.06145094707608223, 0.05983402580022812, 0.059416115283966064, 0.05943123996257782, 0.05896802991628647, 3.5946884155273438, 0.06709442287683487, 4.0353498458862305, 0.13174617290496826], "test_loss": [4.620890140533447, 4.797580242156982, 5.206594944000244, 5.437841415405273, 5.509113788604736, 5.257667541503906, 3.990725517272949, 2.1545751094818115, 1.0360047817230225, 4.592113494873047, 0.3064451217651367, 0.18266353011131287, 0.15007780492305756, 0.13206708431243896, 0.11953405290842056, 0.10846992582082748, 0.10193581134080887, 0.19002041220664978, 0.08191945403814316, 4.582082748413086, 0.14555983245372772, 0.08387205004692078, 0.07532982528209686, 0.07174599170684814, 0.06959475576877594, 0.06834913045167923, 0.06663525104522705, 0.3870694637298584, 0.09320823103189468, 4.3239922523498535, 0.13953033089637756, 0.08339614421129227, 0.0731390044093132, 0.0683806762099266, 0.06577495485544205, 0.06414445489645004, 0.06276660412549973, 0.3081524670124054, 0.08026408404111862, 4.068661212921143, 0.12980739772319794, 0.07555781304836273, 0.06543707102537155, 0.060908377170562744, 0.05930095538496971, 0.05803077295422554, 0.058748770505189896, 0.1960519254207611, 0.06667852401733398, 4.301266193389893, 0.12635304033756256, 0.07328648865222931, 0.06649661064147949, 0.06353195756673813, 0.06246902048587799, 0.06223848834633827, 0.06220516189932823, 0.17414630949497223, 0.054216738790273666, 4.453165054321289, 0.12365180253982544, 0.07257726043462753, 0.06593125313520432, 0.06379128992557526, 0.06309788674116135, 0.0630926713347435, 0.062355026602745056, 3.6520540714263916, 0.07417679578065872, 4.064995288848877, 0.1448698490858078], "train_acc": [0.017219386994838715, 0.026147957891225815, 0.048256803303956985, 0.07695578038692474, 0.14923469722270966, 0.3103741407394409, 0.6377550959587097, 0.9432397484779358, 0.9997873902320862, 0.05782312899827957, 1.0, 1.0, 1.0, 1.0, 1.0, 1.0, 1.0, 0.9995747804641724, 1.0, 0.02551020309329033, 1.0, 1.0, 1.0, 1.0, 1.0, 1.0, 1.0, 0.9859693646430969, 1.0, 0.06271258741617203, 1.0, 1.0, 1.0, 1.0, 1.0, 1.0, 1.0, 0.9940475821495056, 1.0, 0.06590136140584946, 1.0, 1.0, 1.0, 1.0, 1.0, 1.0, 1.0, 0.9987244606018066, 1.0, 0.052933670580387115, 1.0, 1.0, 1.0, 1.0, 1.0, 1.0, 1.0, 0.9997873902320862, 1.0, 0.037840135395526886, 1.0, 1.0, 1.0, 1.0, 1.0, 1.0, 1.0, 0.3059098720550537, 1.0, 0.09013605117797852, 1.0], "test_acc": [0.006163655314594507, 0.0023379384074360132, 0.0010626992443576455, 0.0, 0.00021253984596114606, 0.0051009561866521835, 0.06418703496456146, 0.43188098073005676, 0.8206163644790649, 0.02763018012046814, 1.0, 1.0, 1.0, 1.0, 1.0, 1.0, 1.0, 0.997236967086792, 1.0, 0.024229543283581734, 1.0, 1.0, 1.0, 1.0, 1.0, 1.0, 1.0, 0.9785334467887878, 1.0, 0.05504782125353813, 1.0, 1.0, 1.0, 1.0, 1.0, 1.0, 1.0, 0.9910733103752136, 1.0, 0.06418703496456146, 1.0, 1.0, 1.0, 1.0, 1.0, 1.0, 1.0, 0.997449517250061, 1.0, 0.05164718255400658, 1.0, 1.0, 1.0, 1.0, 1.0, 1.0, 1.0, 0.999787449836731, 1.0, 0.03846971318125725, 1.0, 1.0, 1.0, 1.0, 1.0, 1.0, 1.0, 0.2735387682914734, 1.0, 0.08756641298532486, 1.0], "steps": [50, 100, 150, 200, 250, 300, 350, 400, 450, 500, 550, 600, 650, 700, 750, 800, 850, 900, 950, 1000, 1050, 1100, 1150, 1200, 1250, 1300, 1350, 1400, 1450, 1500, 1550, 1600, 1650, 1700, 1750, 1800, 1850, 1900, 1950, 2000, 2050, 2100, 2150, 2200, 2250, 2300, 2350, 2400, 2450, 2500, 2550, 2600, 2650, 2700, 2750, 2800, 2850, 2900, 2950, 3000, 3050, 3100, 3150, 3200, 3250, 3300, 3350, 3400, 3450, 3500, 3550]}