{"train_loss": [4.554015636444092, 4.479808330535889, 4.3260393142700195, 4.103687286376953, 3.795470714569092, 3.3618736267089844, 2.2922306060791016, 1.2935994863510132, 0.4497355818748474, 0.43627193570137024, 0.1430787295103073, 0.38811081647872925, 0.07881508022546768, 0.3315203785896301, 0.06107601523399353, 0.7028106451034546, 0.05159386619925499, 0.5828686952590942, 0.04678185284137726, 0.9396927952766418, 0.04261936992406845, 0.8199065327644348, 0.039595890790224075, 0.7118481397628784, 0.036593325436115265, 0.7059399485588074, 0.034798115491867065, 1.0040829181671143, 0.03310754895210266, 0.5706956386566162, 0.03122904896736145, 0.829196035861969, 0.029223648831248283, 0.7537961006164551, 0.028377940878272057, 0.8360168933868408, 0.027143290266394615, 0.8798356056213379, 0.02592562325298786, 0.687927782535553, 0.025295652449131012, 1.1461387872695923, 0.02424396574497223, 0.602439284324646, 0.02360621467232704, 1.1214599609375, 0.022706447169184685, 0.7394334673881531, 0.02248271554708481, 0.9192947149276733, 0.021590523421764374, 0.7124594449996948, 0.02096364088356495, 1.177442193031311, 0.02089446783065796, 0.7333102822303772, 0.020268986001610756, 1.0022608041763306, 0.01916944980621338, 0.993897020816803, 0.02033308520913124, 0.5703540444374084, 0.018785031512379646, 0.8813442587852478, 0.01796996034681797, 0.6741969585418701, 0.0189956184476614, 1.2366198301315308, 0.018874067813158035, 0.5662475824356079, 0.017941288650035858, 1.129921555519104, 0.01762607879936695], "test_loss": [4.620890140533447, 4.800292015075684, 5.179870128631592, 5.453456878662109, 5.500434398651123, 5.338995456695557, 4.377742290496826, 2.8378210067749023, 1.4227464199066162, 1.153457522392273, 0.5004515051841736, 0.7783696055412292, 0.2015475183725357, 0.5496785044670105, 0.11462670564651489, 0.9160172939300537, 0.07645892351865768, 0.7088770866394043, 0.06319508701562881, 1.0392022132873535, 0.05273063853383064, 0.897268533706665, 0.04701226204633713, 0.788809597492218, 0.04194757714867592, 0.7512555718421936, 0.038990359753370285, 1.0411957502365112, 0.03680473566055298, 0.6083717942237854, 0.033983804285526276, 0.8742089867591858, 0.03171485289931297, 0.7843352556228638, 0.030655909329652786, 0.8573638796806335, 0.029449105262756348, 0.9224754571914673, 0.027964621782302856, 0.7067704796791077, 0.027202844619750977, 1.1524280309677124, 0.02607857435941696, 0.6268214583396912, 0.025178788229823112, 1.1440216302871704, 0.02446511760354042, 0.7503758072853088, 0.024166958406567574, 0.9472237229347229, 0.023374496027827263, 0.7372036576271057, 0.022462831810116768, 1.2070565223693848, 0.022642232477664948, 0.7495839595794678, 0.02188281901180744, 1.0338376760482788, 0.02084496058523655, 1.0014981031417847, 0.022481093183159828, 0.5859960317611694, 0.020032281056046486, 0.9026004076004028, 0.019529877230525017, 0.6886997222900391, 0.02044859156012535, 1.2588621377944946, 0.021015504375100136, 0.5833920836448669, 0.019463568925857544, 1.1749029159545898, 0.019339658319950104], "train_acc": [0.017219386994838715, 0.024659862741827965, 0.04634353518486023, 0.07397959381341934, 0.1473214328289032, 0.2710459232330322, 0.577168345451355, 0.8335459232330322, 0.9963860511779785, 0.9908588528633118, 1.0, 0.9940475821495056, 1.0, 0.9991496205329895, 1.0, 0.9783163070678711, 1.0, 0.9938350319862366, 1.0, 0.93558669090271, 1.0, 0.964073121547699, 1.0, 0.9936224222183228, 1.0, 0.9978741407394409, 1.0, 0.9381377100944519, 1.0, 0.995535671710968, 1.0, 0.9917091727256775, 1.0, 0.988307774066925, 1.0, 0.9810799360275269, 1.0, 0.9778911471366882, 1.0, 0.9908588528633118, 1.0, 0.8826530575752258, 1.0, 0.9902210831642151, 1.0, 0.9347363710403442, 1.0, 0.9872449040412903, 1.0, 0.9934098720550537, 1.0, 0.9963860511779785, 1.0, 0.8828656077384949, 1.0, 0.992772102355957, 1.0, 0.9530186653137207, 1.0, 0.9349489808082581, 1.0, 0.9978741407394409, 1.0, 0.9951105117797852, 1.0, 0.9982993006706238, 1.0, 0.9723639488220215, 1.0, 0.9995747804641724, 1.0, 0.952168345451355, 1.0], "test_acc": [0.006163655314594507, 0.0023379384074360132, 0.0008501593838445842, 0.0006376195233315229, 0.00021253984596114606, 0.003613177454099059, 0.048034004867076874, 0.25674813985824585, 0.6484590768814087, 0.7583421468734741, 0.9585546851158142, 0.9107332229614258, 0.9995748996734619, 0.9872475862503052, 1.0, 0.9290116429328918, 1.0, 0.9861848950386047, 1.0, 0.9120084643363953, 1.0, 0.9511157870292664, 1.0, 0.9900106191635132, 1.0, 0.9959617257118225, 1.0, 0.9256110191345215, 1.0, 0.9951115846633911, 1.0, 0.9878851771354675, 1.0, 0.9810839295387268, 1.0, 0.9838469624519348, 1.0, 0.973857581615448, 1.0, 0.9927735924720764, 1.0, 0.8814027309417725, 1.0, 0.9876726865768433, 1.0, 0.926886260509491, 1.0, 0.989160418510437, 1.0, 0.9942613840103149, 1.0, 0.9942613840103149, 1.0, 0.8752390742301941, 1.0, 0.9870350360870361, 1.0, 0.9432518482208252, 1.0, 0.9394261240959167, 1.0, 0.997449517250061, 1.0, 0.9953240752220154, 1.0, 0.9953240752220154, 1.0, 0.9734324812889099, 1.0, 0.997024416923523, 1.0, 0.9400637149810791, 1.0], "steps": [50, 100, 150, 200, 250, 300, 350, 400, 450, 500, 550, 600, 650, 700, 750, 800, 850, 900, 950, 1000, 1050, 1100, 1150, 1200, 1250, 1300, 1350, 1400, 1450, 1500, 1550, 1600, 1650, 1700, 1750, 1800, 1850, 1900, 1950, 2000, 2050, 2100, 2150, 2200, 2250, 2300, 2350, 2400, 2450, 2500, 2550, 2600, 2650, 2700, 2750, 2800, 2850, 2900, 2950, 3000, 3050, 3100, 3150, 3200, 3250, 3300, 3350, 3400, 3450, 3500, 3550, 3600, 3650]}