{"train_loss": [4.5575714111328125, 4.544666290283203, 4.371115684509277, 4.317933559417725, 3.846747398376465, 3.8540353775024414, 2.2943477630615234, 2.5996031761169434, 0.4107989966869354, 2.028705596923828, 0.14309147000312805, 1.6407647132873535, 0.09041620045900345, 1.719783067703247, 0.0789506584405899, 1.8342276811599731, 0.07411371171474457, 2.094916820526123, 0.07076524198055267, 1.2991455793380737, 0.0655294805765152, 1.341407299041748, 0.06079263612627983, 1.5379647016525269, 0.05815094709396362, 1.6073893308639526, 0.05582030862569809, 2.235623836517334, 0.05537383258342743, 1.1674972772598267, 0.05345546081662178, 1.3452832698822021, 0.05142524838447571, 1.5430206060409546, 0.048851896077394485, 1.8204474449157715, 0.04802379012107849, 1.2753334045410156, 0.046606216579675674, 2.1927404403686523, 0.04687885567545891, 0.9513019323348999, 0.044198546558618546, 1.4046039581298828, 0.04254557564854622, 1.126469373703003, 0.04105749726295471, 1.4328762292861938, 0.03952599689364433, 1.1518299579620361, 0.03801646828651428, 1.6488311290740967, 0.03840765357017517, 2.5934665203094482, 0.041019853204488754, 0.9289707541465759, 0.03810984641313553, 1.2556356191635132, 0.03680999204516411, 2.162025213241577, 0.03853265196084976, 1.0974022150039673, 0.037665802985429764, 1.6881232261657715, 0.036861032247543335, 1.5550333261489868, 0.036568813025951385, 1.3763720989227295, 0.03494706004858017, 1.274051547050476, 0.0354289785027504], "test_loss": [4.61775016784668, 4.743464469909668, 5.045477867126465, 5.281039714813232, 5.370469570159912, 5.122975826263428, 4.117530822753906, 3.422938585281372, 1.0192619562149048, 2.6096997261047363, 0.3200947046279907, 1.9978119134902954, 0.15622401237487793, 1.9788063764572144, 0.11624118685722351, 2.005542755126953, 0.098229318857193, 2.216409921646118, 0.08907482028007507, 1.4119718074798584, 0.07879675179719925, 1.4101784229278564, 0.07176211476325989, 1.6191779375076294, 0.06768980622291565, 1.6562227010726929, 0.06354165077209473, 2.318735361099243, 0.06346257776021957, 1.197686791419983, 0.060075417160987854, 1.4011000394821167, 0.057126037776470184, 1.585362195968628, 0.054520998150110245, 1.8962990045547485, 0.053555507212877274, 1.2851476669311523, 0.05159744247794151, 2.2262566089630127, 0.0525207445025444, 0.9893084764480591, 0.04869113489985466, 1.4145647287368774, 0.04705268517136574, 1.1656397581100464, 0.04497114196419716, 1.4960548877716064, 0.04354618862271309, 1.1716842651367188, 0.04161539673805237, 1.6787731647491455, 0.042162250727415085, 2.612903594970703, 0.04534221440553665, 0.9471234679222107, 0.04194444790482521, 1.2967954874038696, 0.04044449329376221, 2.1564791202545166, 0.04254298284649849, 1.103000283241272, 0.04102478176355362, 1.6964579820632935, 0.040354032069444656, 1.5552630424499512, 0.04005414992570877, 1.385008454322815, 0.038233526051044464, 1.3102842569351196, 0.03869980201125145], "train_acc": [0.0178571417927742, 0.015943877398967743, 0.042729590088129044, 0.04294217750430107, 0.16156461834907532, 0.122023805975914, 0.5712159872055054, 0.31441324949264526, 0.9997873902320862, 0.450892835855484, 1.0, 0.5956632494926453, 1.0, 0.541241466999054, 1.0, 0.4874574840068817, 1.0, 0.45790815353393555, 1.0, 0.7321428656578064, 1.0, 0.6983418464660645, 1.0, 0.666241466999054, 1.0, 0.6154336333274841, 1.0, 0.3363095223903656, 1.0, 0.7744472622871399, 1.0, 0.7349064350128174, 1.0, 0.6509353518486023, 1.0, 0.509353756904602, 1.0, 0.745535671710968, 1.0, 0.3803146183490753, 1.0, 0.8913690447807312, 1.0, 0.7185373902320862, 1.0, 0.8073979616165161, 1.0, 0.7230016589164734, 1.0, 0.8280186653137207, 1.0, 0.5946003198623657, 1.0, 0.3220663070678711, 1.0, 0.8807397484779358, 1.0, 0.7476615309715271, 1.0, 0.3886054456233978, 1.0, 0.7984693646430969, 1.0, 0.5637754797935486, 1.0, 0.6519982814788818, 1.0, 0.738095223903656, 1.0, 0.7465986013412476, 1.0], "test_acc": [0.004463336896151304, 0.006163655314594507, 0.0017003187676891685, 0.0023379384074360132, 0.0012752390466630459, 0.007226354908198118, 0.10286928713321686, 0.12794898450374603, 0.8172156810760498, 0.27162593603134155, 0.9982996582984924, 0.4522847831249237, 1.0, 0.44442081451416016, 1.0, 0.4405950903892517, 1.0, 0.41381508111953735, 1.0, 0.6822528839111328, 1.0, 0.6707757711410522, 1.0, 0.6327311396598816, 1.0, 0.5965993404388428, 1.0, 0.3162592947483063, 1.0, 0.7753453850746155, 1.0, 0.7205100655555725, 1.0, 0.6354941129684448, 1.0, 0.4850159287452698, 1.0, 0.7336875200271606, 1.0, 0.37470775842666626, 1.0, 0.8786396980285645, 1.0, 0.7120084762573242, 1.0, 0.7842720150947571, 1.0, 0.6896917819976807, 1.0, 0.8233793377876282, 1.0, 0.5738576054573059, 1.0, 0.32157278060913086, 1.0, 0.8754516243934631, 1.0, 0.7256110310554504, 1.0, 0.3955366611480713, 1.0, 0.7910733222961426, 1.0, 0.5509032607078552, 1.0, 0.6527098417282104, 1.0, 0.7309245467185974, 1.0, 0.7339000701904297, 1.0], "steps": [50, 100, 150, 200, 250, 300, 350, 400, 450, 500, 550, 600, 650, 700, 750, 800, 850, 900, 950, 1000, 1050, 1100, 1150, 1200, 1250, 1300, 1350, 1400, 1450, 1500, 1550, 1600, 1650, 1700, 1750, 1800, 1850, 1900, 1950, 2000, 2050, 2100, 2150, 2200, 2250, 2300, 2350, 2400, 2450, 2500, 2550, 2600, 2650, 2700, 2750, 2800, 2850, 2900, 2950, 3000, 3050, 3100, 3150, 3200, 3250, 3300, 3350, 3400, 3450, 3500, 3550]}