{"train_loss": [4.5657782554626465, 4.549123764038086, 4.481931686401367, 4.376576900482178, 4.247766971588135, 4.108612060546875, 3.954394578933716, 3.4345741271972656, 2.8012359142303467, 2.5571372509002686, 2.3037941455841064, 1.8964704275131226, 1.4610236883163452, 1.2925833463668823, 1.1791908740997314, 1.0466666221618652, 0.8690048456192017, 0.5625044703483582, 0.29779618978500366, 0.2373335212469101, 0.20293404161930084, 0.18137481808662415, 0.16144785284996033, 0.1454104781150818, 0.13844141364097595, 0.11588092893362045, 0.10519067943096161, 0.0984877273440361, 0.09004106372594833, 0.07873296737670898, 0.07814235985279083, 0.07463821023702621, 0.075015127658844, 0.06238727271556854, 0.054162636399269104, 0.04989936202764511, 0.04285625368356705, 0.038023632019758224, 0.03864280506968498, 0.032087892293930054, 0.03295346722006798, 0.034614887088537216, 0.029741112142801285, 0.027661453932523727, 0.027096645906567574, 0.02913687564432621, 0.02881784178316593, 0.026872189715504646, 0.021821262314915657, 0.02736949920654297, 0.021430160850286484, 0.02087867073714733, 0.022080013528466225, 0.021676229313015938, 0.02319652959704399, 0.01897880621254444, 0.019866658374667168, 0.022830963134765625, 0.021474668756127357, 0.01842164434492588, 0.017858514562249184, 0.01752246730029583, 0.017531517893075943, 0.01697540655732155, 0.01943257264792919, 0.01739748753607273, 0.01815134473145008, 0.01554055791348219, 0.015604539774358273, 0.015779171139001846, 0.014659724198281765, 0.015114064328372478, 0.016597812995314598, 0.017189333215355873, 0.014847523532807827, 0.015139004215598106, 0.014233676716685295, 0.01230269018560648, 0.014322556555271149], "test_loss": [4.6161675453186035, 4.632625102996826, 4.7502617835998535, 4.975179672241211, 5.208724498748779, 5.330077171325684, 5.317381858825684, 4.668191432952881, 3.683377981185913, 3.5487406253814697, 3.2700936794281006, 2.8032386302948, 2.0846033096313477, 1.9214274883270264, 1.781564712524414, 1.604854941368103, 1.3752098083496094, 0.9026517868041992, 0.45970630645751953, 0.35129666328430176, 0.28892821073532104, 0.25081318616867065, 0.22025077044963837, 0.19438108801841736, 0.18086978793144226, 0.14829954504966736, 0.1333182454109192, 0.12264508008956909, 0.11126451194286346, 0.09582491964101791, 0.09489433467388153, 0.08934064954519272, 0.08860475569963455, 0.0739557221531868, 0.06340793520212173, 0.059555668383836746, 0.049385134130716324, 0.04443803429603577, 0.04491937533020973, 0.03717869147658348, 0.03766188398003578, 0.04012635350227356, 0.0341036319732666, 0.03162715956568718, 0.03080369345843792, 0.0337039940059185, 0.03200291842222214, 0.030541663989424706, 0.02429492399096489, 0.03078722208738327, 0.02419186383485794, 0.022906608879566193, 0.024602580815553665, 0.024300867691636086, 0.025717278942465782, 0.021259749308228493, 0.021939456462860107, 0.025976065546274185, 0.024202411994338036, 0.020860694348812103, 0.01993156597018242, 0.019812576472759247, 0.01970014162361622, 0.018936511129140854, 0.022584496065974236, 0.01884118653833866, 0.020642073825001717, 0.01730192080140114, 0.017835017293691635, 0.017909090965986252, 0.016416458413004875, 0.016651630401611328, 0.018763776868581772, 0.01959186978638172, 0.01719004474580288, 0.016897762194275856, 0.016334228217601776, 0.01373223029077053, 0.016252491623163223], "train_acc": [0.014243196696043015, 0.017431972548365593, 0.025722788646817207, 0.04209183529019356, 0.0565476194024086, 0.07482992857694626, 0.11054421216249466, 0.18388605117797852, 0.3229166567325592, 0.39094385504722595, 0.45131802558898926, 0.5342261791229248, 0.6821853518486023, 0.726190447807312, 0.7738094925880432, 0.8110119104385376, 0.8686224222183228, 0.971513569355011, 0.9997873902320862, 1.0, 1.0, 1.0, 1.0, 1.0, 1.0, 1.0, 1.0, 1.0, 1.0, 1.0, 1.0, 0.9997873902320862, 1.0, 1.0, 1.0, 1.0, 1.0, 1.0, 1.0, 1.0, 1.0, 1.0, 1.0, 1.0, 1.0, 1.0, 1.0, 1.0, 1.0, 1.0, 1.0, 1.0, 1.0, 1.0, 1.0, 1.0, 1.0, 1.0, 1.0, 1.0, 1.0, 1.0, 1.0, 0.9997873902320862, 1.0, 1.0, 1.0, 1.0, 1.0, 1.0, 1.0, 1.0, 1.0, 0.9997873902320862, 1.0, 1.0, 1.0, 1.0, 1.0], "test_acc": [0.006801275070756674, 0.006163655314594507, 0.0019128585699945688, 0.0006376195233315229, 0.0006376195233315229, 0.0004250796919222921, 0.0012752390466630459, 0.003613177454099059, 0.015090328641235828, 0.024229543283581734, 0.046333685517311096, 0.09968119114637375, 0.221466526389122, 0.267375111579895, 0.31838467717170715, 0.44484588503837585, 0.5655685067176819, 0.859298586845398, 0.9934112429618835, 0.9982996582984924, 0.9995748996734619, 0.9995748996734619, 0.999787449836731, 1.0, 1.0, 1.0, 1.0, 1.0, 0.999787449836731, 1.0, 1.0, 1.0, 0.999787449836731, 0.999787449836731, 1.0, 0.999787449836731, 1.0, 1.0, 1.0, 1.0, 1.0, 1.0, 1.0, 1.0, 1.0, 0.999787449836731, 1.0, 1.0, 1.0, 1.0, 1.0, 1.0, 1.0, 1.0, 1.0, 1.0, 1.0, 1.0, 1.0, 0.999787449836731, 1.0, 0.999787449836731, 1.0, 1.0, 0.999787449836731, 1.0, 1.0, 1.0, 0.999787449836731, 1.0, 1.0, 1.0, 1.0, 0.999787449836731, 0.999787449836731, 1.0, 1.0, 1.0, 1.0], "steps": [50, 100, 150, 200, 250, 300, 350, 400, 450, 500, 550, 600, 650, 700, 750, 800, 850, 900, 950, 1000, 1050, 1100, 1150, 1200, 1250, 1300, 1350, 1400, 1450, 1500, 1550, 1600, 1650, 1700, 1750, 1800, 1850, 1900, 1950, 2000, 2050, 2100, 2150, 2200, 2250, 2300, 2350, 2400, 2450, 2500, 2550, 2600, 2650, 2700, 2750, 2800, 2850, 2900, 2950, 3000, 3050, 3100, 3150, 3200, 3250, 3300, 3350, 3400, 3450, 3500, 3550, 3600, 3650, 3700, 3750, 3800, 3850, 3900, 3950]}