{"train_loss": [4.562597274780273, 4.491373538970947, 4.3176116943359375, 4.093634605407715, 3.799140453338623, 3.285825490951538, 2.4244704246520996, 1.2677421569824219, 0.45307445526123047, 4.499487400054932, 0.3035803437232971, 0.12286216020584106, 0.08865336328744888, 0.07775896042585373, 0.07331255823373795, 0.07061124593019485, 0.0691167414188385, 0.7223528027534485, 0.06377918273210526, 4.739349365234375, 0.1280936598777771, 0.07288625091314316, 0.06607440114021301, 0.06353596597909927, 0.06206902861595154, 0.06086795777082443, 0.05961497128009796, 5.270333290100098, 0.13434822857379913, 4.105345726013184, 0.10644248127937317, 0.06813377887010574, 0.06352957338094711, 0.0619073323905468, 0.06099441275000572, 0.060357626527547836, 0.05962763726711273, 3.900859832763672, 0.0848078578710556, 3.740783214569092, 0.0900871530175209, 0.061757270246744156, 0.05846787244081497, 0.05745473876595497, 0.056944627314805984, 0.05663701146841049, 0.05662239342927933, 0.654012143611908, 0.058359093964099884, 4.677715301513672, 0.12228977680206299, 0.0698331817984581, 0.06290670484304428, 0.060174811631441116, 0.05864251032471657, 0.05751887336373329, 0.057665273547172546, 0.05928044021129608, 0.1093430444598198, 4.409720420837402, 0.11770512908697128, 0.06082368642091751, 0.056550078094005585, 0.05563179403543472, 0.05545057728886604, 0.05568665266036987, 0.056526508182287216, 0.10806435346603394, 0.04029232636094093, 4.295731544494629, 0.07650668919086456], "test_loss": [4.6223530769348145, 4.749964237213135, 5.191488742828369, 5.441132068634033, 5.503762245178223, 5.256710052490234, 4.452600479125977, 2.938936710357666, 1.3731390237808228, 4.7782392501831055, 0.49427980184555054, 0.20424680411815643, 0.14034077525138855, 0.11745992302894592, 0.10548178851604462, 0.09756089746952057, 0.09194087982177734, 0.8488985300064087, 0.07796883583068848, 4.767923831939697, 0.14943628013134003, 0.0825258195400238, 0.07396584004163742, 0.07052702456712723, 0.06842991709709167, 0.06674652546644211, 0.06507601588964462, 5.275946617126465, 0.1562216877937317, 4.168453693389893, 0.11681294441223145, 0.07355198264122009, 0.06794042140245438, 0.06584472954273224, 0.06465865671634674, 0.06367628276348114, 0.0627949982881546, 3.942763566970825, 0.09570670127868652, 3.7893340587615967, 0.09945223480463028, 0.06655993312597275, 0.06248212233185768, 0.061002977192401886, 0.06019184738397598, 0.059778157621622086, 0.05977960303425789, 0.6741175651550293, 0.06507403403520584, 4.758679389953613, 0.13631021976470947, 0.07670968770980835, 0.06823211163282394, 0.06471170485019684, 0.06265681982040405, 0.061149146407842636, 0.06111280992627144, 0.06234386935830116, 0.12251560389995575, 4.4522480964660645, 0.13050048053264618, 0.0658121183514595, 0.060466472059488297, 0.059183269739151, 0.058647774159908295, 0.05889508128166199, 0.05959289148449898, 0.11995922029018402, 0.04332774505019188, 4.326160430908203, 0.08596187829971313], "train_acc": [0.014880952425301075, 0.02954931929707527, 0.05250850319862366, 0.07971938699483871, 0.14094386994838715, 0.28316324949264526, 0.5238094925880432, 0.8411989808082581, 0.9923469424247742, 0.0238095223903656, 0.9997873902320862, 1.0, 1.0, 1.0, 1.0, 1.0, 1.0, 0.901573121547699, 1.0, 0.02253401279449463, 1.0, 1.0, 1.0, 1.0, 1.0, 1.0, 1.0, 0.03125, 1.0, 0.048256803303956985, 1.0, 1.0, 1.0, 1.0, 1.0, 1.0, 1.0, 0.1324404776096344, 1.0, 0.12563775479793549, 1.0, 1.0, 1.0, 1.0, 1.0, 1.0, 1.0, 0.9300594925880432, 1.0, 0.03677720949053764, 1.0, 1.0, 1.0, 1.0, 1.0, 1.0, 1.0, 1.0, 1.0, 0.0431547611951828, 1.0, 1.0, 1.0, 1.0, 1.0, 1.0, 1.0, 1.0, 1.0, 0.04591836780309677, 1.0], "test_acc": [0.006163655314594507, 0.0019128585699945688, 0.0010626992443576455, 0.0006376195233315229, 0.0010626992443576455, 0.003400637535378337, 0.03634431213140488, 0.24038256704807281, 0.6660999059677124, 0.01381509006023407, 0.9934112429618835, 1.0, 1.0, 1.0, 1.0, 1.0, 1.0, 0.8726885914802551, 1.0, 0.01997874490916729, 1.0, 1.0, 1.0, 1.0, 1.0, 1.0, 1.0, 0.03634431213140488, 1.0, 0.04080764949321747, 1.0, 1.0, 1.0, 1.0, 1.0, 1.0, 1.0, 0.10882040113210678, 1.0, 0.12221041321754456, 1.0, 1.0, 1.0, 1.0, 1.0, 1.0, 1.0, 0.9209351539611816, 1.0, 0.034856535494327545, 1.0, 1.0, 1.0, 1.0, 1.0, 1.0, 1.0, 1.0, 1.0, 0.03846971318125725, 1.0, 1.0, 1.0, 1.0, 1.0, 1.0, 1.0, 1.0, 1.0, 0.039532411843538284, 1.0], "steps": [50, 100, 150, 200, 250, 300, 350, 400, 450, 500, 550, 600, 650, 700, 750, 800, 850, 900, 950, 1000, 1050, 1100, 1150, 1200, 1250, 1300, 1350, 1400, 1450, 1500, 1550, 1600, 1650, 1700, 1750, 1800, 1850, 1900, 1950, 2000, 2050, 2100, 2150, 2200, 2250, 2300, 2350, 2400, 2450, 2500, 2550, 2600, 2650, 2700, 2750, 2800, 2850, 2900, 2950, 3000, 3050, 3100, 3150, 3200, 3250, 3300, 3350, 3400, 3450, 3500, 3550]}