{"train_loss": [4.554015636444092, 4.473759651184082, 4.311848163604736, 4.103992938995361, 3.7906975746154785, 3.211601495742798, 2.0729920864105225, 0.8809366226196289, 0.33265557885169983, 2.1199140548706055, 0.12469132244586945, 0.09902343153953552, 0.0911470353603363, 0.0861746147274971, 0.08230210095643997, 0.07872245460748672, 0.08379244059324265, 0.07296434789896011, 0.1672336608171463, 0.8139563202857971, 0.06754309684038162, 0.06310348212718964, 0.06308814883232117, 0.06310524046421051, 0.06274742633104324, 0.06194969639182091, 0.06098233535885811, 0.2736560106277466, 0.07031232118606567, 1.2516531944274902, 0.06132540479302406, 0.05548129603266716, 0.0559413880109787, 0.05638202279806137, 0.056418295949697495, 0.05649242922663689, 0.300190269947052, 0.06861957162618637, 0.05142132192850113, 1.5076607465744019, 0.056285176426172256, 0.050297535955905914, 0.050620369613170624, 0.05096393823623657, 0.05088471993803978, 0.051069870591163635, 0.301919549703598, 0.04980890080332756, 0.047556523233652115, 2.425018787384033, 0.0482538565993309, 0.04437033832073212, 0.04626717045903206, 0.04759475216269493, 0.04826707765460014, 0.04864680394530296, 0.049412138760089874, 0.28164687752723694, 0.03922900930047035, 2.2785167694091797, 0.04247421398758888, 0.03905929625034332, 0.04119535908102989, 0.042765453457832336, 0.043831054121255875, 0.04475182667374611, 0.04553592577576637, 1.4964464902877808, 0.04927029833197594, 1.5977405309677124, 0.042055368423461914], "test_loss": [4.620890140533447, 4.797580242156982, 5.206594944000244, 5.437841415405273, 5.509113788604736, 5.257667541503906, 3.990725517272949, 2.1545751094818115, 1.0360047817230225, 2.684269905090332, 0.23956352472305298, 0.1831580102443695, 0.15951257944107056, 0.14299461245536804, 0.1291460245847702, 0.11679399758577347, 0.11848604679107666, 0.0991029441356659, 0.20214872062206268, 0.8915484547615051, 0.07930974662303925, 0.07270719110965729, 0.07191116362810135, 0.07134642452001572, 0.07031869143247604, 0.06920689344406128, 0.06764156371355057, 0.3077448010444641, 0.0782121866941452, 1.308370590209961, 0.06687935441732407, 0.05963054299354553, 0.05973860248923302, 0.059982795268297195, 0.05990101769566536, 0.06007255241274834, 0.31644678115844727, 0.07847316563129425, 0.05701334774494171, 1.5672483444213867, 0.06169288232922554, 0.05421266332268715, 0.05411233752965927, 0.05414357781410217, 0.05384335666894913, 0.05381299927830696, 0.3302232623100281, 0.05489714816212654, 0.051371339708566666, 2.4571900367736816, 0.053287144750356674, 0.047999754548072815, 0.04965129494667053, 0.05068114399909973, 0.05108852684497833, 0.05115772783756256, 0.051872845739126205, 0.309341162443161, 0.043339308351278305, 2.3125200271606445, 0.04645015299320221, 0.04193572327494621, 0.04379213601350784, 0.04516196623444557, 0.04612640291452408, 0.047109995037317276, 0.04781541973352432, 1.562820315361023, 0.0570804737508297, 1.6371854543685913, 0.047155559062957764], "train_acc": [0.017219386994838715, 0.026147957891225815, 0.048256803303956985, 0.07695578038692474, 0.14923469722270966, 0.3103741407394409, 0.6377550959587097, 0.9432397484779358, 0.9997873902320862, 0.4819302558898926, 1.0, 1.0, 1.0, 1.0, 1.0, 1.0, 1.0, 1.0, 1.0, 0.9258078336715698, 1.0, 1.0, 1.0, 1.0, 1.0, 1.0, 1.0, 0.9993622303009033, 1.0, 0.8299319744110107, 1.0, 1.0, 1.0, 1.0, 1.0, 1.0, 0.9812924861907959, 1.0, 1.0, 0.7270408272743225, 1.0, 1.0, 1.0, 1.0, 1.0, 1.0, 0.9900084733963013, 1.0, 1.0, 0.581845223903656, 1.0, 1.0, 1.0, 1.0, 1.0, 1.0, 1.0, 0.9917091727256775, 1.0, 0.7937924861907959, 1.0, 1.0, 1.0, 1.0, 1.0, 1.0, 1.0, 0.8220663070678711, 1.0, 0.8008078336715698, 1.0], "test_acc": [0.006163655314594507, 0.0023379384074360132, 0.0010626992443576455, 0.0, 0.00021253984596114606, 0.0051009561866521835, 0.06418703496456146, 0.43188098073005676, 0.8206163644790649, 0.2782146632671356, 0.999787449836731, 1.0, 1.0, 1.0, 1.0, 1.0, 1.0, 1.0, 0.9982996582984924, 0.9081827402114868, 1.0, 1.0, 1.0, 1.0, 1.0, 1.0, 1.0, 0.9963868260383606, 1.0, 0.7995749115943909, 1.0, 1.0, 1.0, 1.0, 1.0, 1.0, 0.9802337884902954, 1.0, 1.0, 0.7117959260940552, 1.0, 1.0, 1.0, 1.0, 1.0, 1.0, 0.989160418510437, 1.0, 1.0, 0.5625929832458496, 1.0, 1.0, 1.0, 1.0, 1.0, 1.0, 1.0, 0.9914984107017517, 1.0, 0.7753453850746155, 1.0, 1.0, 1.0, 1.0, 1.0, 1.0, 1.0, 0.7925611138343811, 1.0, 0.7872475981712341, 1.0], "steps": [50, 100, 150, 200, 250, 300, 350, 400, 450, 500, 550, 600, 650, 700, 750, 800, 850, 900, 950, 1000, 1050, 1100, 1150, 1200, 1250, 1300, 1350, 1400, 1450, 1500, 1550, 1600, 1650, 1700, 1750, 1800, 1850, 1900, 1950, 2000, 2050, 2100, 2150, 2200, 2250, 2300, 2350, 2400, 2450, 2500, 2550, 2600, 2650, 2700, 2750, 2800, 2850, 2900, 2950, 3000, 3050, 3100, 3150, 3200, 3250, 3300, 3350, 3400, 3450, 3500, 3550]}