{"train_loss": [4.5575714111328125, 4.503226280212402, 4.3656229972839355, 4.150138854980469, 3.859433174133301, 3.2839181423187256, 1.9760360717773438, 0.8010727763175964, 0.3461190462112427, 2.204946994781494, 0.16831453144550323, 0.10636723041534424, 0.08492105454206467, 0.07531629502773285, 0.07060068845748901, 0.06841642409563065, 0.06678708642721176, 0.19242718815803528, 0.06431670486927032, 1.9834415912628174, 0.06876698136329651, 0.060377757996320724, 0.059954941272735596, 0.059868961572647095, 0.05956294387578964, 0.059367794543504715, 1.40147066116333, 0.10353180021047592, 0.05592113360762596, 1.1983636617660522, 0.06611136347055435, 0.05892369523644447, 0.0581325925886631, 0.0576917864382267, 0.057237572968006134, 0.05683199688792229, 0.16992107033729553, 0.059070147573947906, 0.05545107647776604, 2.2851974964141846, 0.05858355015516281, 0.05298325791954994, 0.054518770426511765, 0.05551426485180855, 0.055879704654216766, 0.05641954019665718, 0.06252514570951462, 0.07307320833206177, 0.05011788383126259, 2.1788337230682373, 0.055937059223651886, 0.04879671335220337, 0.049227092415094376, 0.05014394223690033, 0.050856780260801315, 0.05175197497010231, 3.874314069747925, 0.07990668714046478, 0.04866783320903778, 1.8188921213150024, 0.05482449010014534, 0.04817233607172966, 0.04929817467927933, 0.05056588351726532, 0.05143377184867859, 0.0521589033305645, 0.053226783871650696, 0.05511367693543434, 0.051282815635204315, 2.038823127746582, 0.045499030500650406], "test_loss": [4.61775016784668, 4.708271503448486, 5.058665752410889, 5.387360572814941, 5.393862247467041, 5.107571125030518, 3.5525882244110107, 1.825080156326294, 0.9696452021598816, 2.8764054775238037, 0.3679496645927429, 0.23033425211906433, 0.16777268052101135, 0.1359107494354248, 0.11748065054416656, 0.10607726126909256, 0.0976257249712944, 0.24798309803009033, 0.08440530300140381, 2.125086784362793, 0.08423034101724625, 0.07259328663349152, 0.07123266905546188, 0.07065973430871964, 0.06967165321111679, 0.06911352276802063, 1.4893345832824707, 0.12210395187139511, 0.06293763965368271, 1.2469362020492554, 0.07324469089508057, 0.06453010439872742, 0.0634249746799469, 0.06286744028329849, 0.06227555871009827, 0.061768122017383575, 0.19281692802906036, 0.06568378955125809, 0.0605388768017292, 2.3352484703063965, 0.06463805586099625, 0.057336729019880295, 0.05857151374220848, 0.05932552367448807, 0.05957698076963425, 0.06023194268345833, 0.06642720848321915, 0.08169542998075485, 0.05457790940999985, 2.216371774673462, 0.061237506568431854, 0.05238126590847969, 0.052411045879125595, 0.05317283421754837, 0.05390821024775505, 0.054754383862018585, 3.936006784439087, 0.09095567464828491, 0.05357836186885834, 1.8638354539871216, 0.06050270423293114, 0.051928043365478516, 0.052698176354169846, 0.05375074967741966, 0.05452638864517212, 0.055048562586307526, 0.056223295629024506, 0.057956207543611526, 0.05740557983517647, 2.0580873489379883, 0.04947521910071373], "train_acc": [0.0178571417927742, 0.027210883796215057, 0.04485544189810753, 0.08099489659070969, 0.15221087634563446, 0.31972789764404297, 0.6611394286155701, 0.9608843326568604, 0.9997873902320862, 0.43112245202064514, 1.0, 1.0, 1.0, 1.0, 1.0, 1.0, 1.0, 1.0, 1.0, 0.6237244606018066, 1.0, 1.0, 1.0, 1.0, 1.0, 1.0, 0.6062924861907959, 1.0, 1.0, 0.9092261791229248, 1.0, 1.0, 1.0, 1.0, 1.0, 1.0, 1.0, 1.0, 1.0, 0.4800170063972473, 1.0, 1.0, 1.0, 1.0, 1.0, 1.0, 1.0, 1.0, 1.0, 0.752763569355011, 1.0, 1.0, 1.0, 1.0, 1.0, 1.0, 0.1547618955373764, 1.0, 1.0, 0.6938775181770325, 1.0, 1.0, 1.0, 1.0, 1.0, 1.0, 1.0, 1.0, 1.0, 0.7378826141357422, 1.0], "test_acc": [0.004463336896151304, 0.0031880976166576147, 0.001487778965383768, 0.0006376195233315229, 0.002125398488715291, 0.011902231723070145, 0.1579171121120453, 0.5383634567260742, 0.8089266419410706, 0.2348565310239792, 0.991923451423645, 0.9987247586250305, 0.999787449836731, 1.0, 1.0, 1.0, 1.0, 0.9987247586250305, 1.0, 0.5638682246208191, 1.0, 1.0, 1.0, 1.0, 1.0, 1.0, 0.5791710615158081, 1.0, 1.0, 0.900956392288208, 1.0, 1.0, 1.0, 1.0, 1.0, 1.0, 0.9989372491836548, 1.0, 1.0, 0.4539851248264313, 1.0, 1.0, 1.0, 1.0, 1.0, 1.0, 1.0, 1.0, 1.0, 0.7287991046905518, 1.0, 1.0, 1.0, 1.0, 1.0, 1.0, 0.13283739984035492, 1.0, 1.0, 0.6845908164978027, 1.0, 1.0, 1.0, 1.0, 1.0, 1.0, 1.0, 1.0, 1.0, 0.7268862724304199, 1.0], "steps": [50, 100, 150, 200, 250, 300, 350, 400, 450, 500, 550, 600, 650, 700, 750, 800, 850, 900, 950, 1000, 1050, 1100, 1150, 1200, 1250, 1300, 1350, 1400, 1450, 1500, 1550, 1600, 1650, 1700, 1750, 1800, 1850, 1900, 1950, 2000, 2050, 2100, 2150, 2200, 2250, 2300, 2350, 2400, 2450, 2500, 2550, 2600, 2650, 2700, 2750, 2800, 2850, 2900, 2950, 3000, 3050, 3100, 3150, 3200, 3250, 3300, 3350, 3400, 3450, 3500, 3550]}