{"train_loss": [4.5575714111328125, 4.506185531616211, 4.366443634033203, 4.163486480712891, 3.8548409938812256, 3.3444478511810303, 2.0252482891082764, 0.8715475797653198, 0.312216579914093, 0.30921024084091187, 0.11738207191228867, 0.3176044821739197, 0.08612528443336487, 0.4780111014842987, 0.0728687271475792, 0.4953390061855316, 0.06578661501407623, 0.5583255290985107, 0.05563384294509888, 0.5231114625930786, 0.046459369361400604, 0.7834517359733582, 0.03973737731575966, 0.47641924023628235, 0.03437782824039459, 0.7422106266021729, 0.03194904327392578, 0.6207478046417236, 0.02962248958647251, 0.6517364382743835, 0.02892865054309368, 1.0531672239303589, 0.028244778513908386, 0.607568085193634, 0.02722219191491604, 0.8769164085388184, 0.025060316547751427, 0.5240744352340698, 0.02513689175248146, 1.1213065385818481, 0.023816721513867378, 0.6109563112258911, 0.02352084033191204, 1.0988343954086304, 0.023282025009393692, 0.5202733278274536, 0.021407591179013252, 1.0099478960037231, 0.020239824429154396, 0.5933478474617004, 0.02053639106452465, 0.8661432862281799, 0.01958588883280754, 1.2327309846878052, 0.01979711838066578, 0.4591774344444275, 0.018603740260004997, 0.6391218304634094, 0.018456634134054184, 1.2683666944503784, 0.01951459050178528, 0.43062540888786316, 0.01843695528805256, 1.1325349807739258, 0.017714908346533775, 0.7239220142364502, 0.017870476469397545, 0.8078598976135254, 0.016908330842852592, 0.7186613082885742, 0.016831563785672188], "test_loss": [4.61775016784668, 4.710759162902832, 5.052276611328125, 5.3673834800720215, 5.388625144958496, 5.1123247146606445, 3.6752490997314453, 1.8100557327270508, 0.857583224773407, 0.6986907720565796, 0.2889643907546997, 0.5579416751861572, 0.1704639196395874, 0.6941648125648499, 0.11999392509460449, 0.6532504558563232, 0.0955134704709053, 0.6675819158554077, 0.07398883998394012, 0.6082289814949036, 0.05757014825940132, 0.8552525639533997, 0.046786967664957047, 0.5217611789703369, 0.03947373107075691, 0.790672242641449, 0.035856232047080994, 0.660720705986023, 0.03279964253306389, 0.6754179000854492, 0.03154568001627922, 1.085771918296814, 0.031098518520593643, 0.6326431632041931, 0.02950936369597912, 0.9109933376312256, 0.027224494144320488, 0.5412203073501587, 0.026937179267406464, 1.1439963579177856, 0.02582157775759697, 0.6398063898086548, 0.025149773806333542, 1.111031174659729, 0.025727806612849236, 0.5496312975883484, 0.022737139835953712, 1.038503885269165, 0.021871382370591164, 0.6024600863456726, 0.02198508009314537, 0.889798104763031, 0.021112490445375443, 1.2538479566574097, 0.02180393412709236, 0.4724656641483307, 0.01990717090666294, 0.6568306684494019, 0.019858162850141525, 1.2826937437057495, 0.021466707810759544, 0.4427157938480377, 0.019706422463059425, 1.155633807182312, 0.019299456849694252, 0.7545804381370544, 0.019482826814055443, 0.829747200012207, 0.01833549328148365, 0.7449870705604553, 0.018167907372117043], "train_acc": [0.0178571417927742, 0.022959183901548386, 0.04421768710017204, 0.07376700639724731, 0.15518707036972046, 0.2991071343421936, 0.6494472622871399, 0.9525935053825378, 1.0, 0.9987244606018066, 1.0, 0.99808669090271, 1.0, 0.9900084733963013, 1.0, 0.9795918464660645, 1.0, 0.9778911471366882, 1.0, 0.9948979616165161, 1.0, 0.9676870703697205, 1.0, 0.9982993006706238, 1.0, 0.9823554158210754, 1.0, 0.9887329936027527, 1.0, 0.9974489808082581, 1.0, 0.9141156077384949, 1.0, 0.9904336333274841, 1.0, 0.9460033774375916, 1.0, 0.9957482814788818, 1.0, 0.9389880895614624, 1.0, 0.9904336333274841, 1.0, 0.9141156077384949, 1.0, 0.9959608912467957, 1.0, 0.9804421663284302, 1.0, 0.9957482814788818, 1.0, 0.9921343326568604, 1.0, 0.8635203838348389, 1.0, 0.9982993006706238, 1.0, 0.9982993006706238, 1.0, 0.8643707036972046, 1.0, 0.9897959232330322, 1.0, 0.957057774066925, 1.0, 0.9849064350128174, 1.0, 0.9989370703697205, 1.0, 0.9978741407394409, 1.0], "test_acc": [0.004463336896151304, 0.0038257171399891376, 0.0017003187676891685, 0.001487778965383768, 0.0006376195233315229, 0.011689691804349422, 0.1485653519630432, 0.5502656698226929, 0.8716259002685547, 0.9309245347976685, 0.9993623495101929, 0.976620614528656, 1.0, 0.9549415111541748, 1.0, 0.9500530958175659, 1.0, 0.9581296443939209, 1.0, 0.9904356598854065, 1.0, 0.9583421945571899, 1.0, 0.9965993165969849, 1.0, 0.9776833057403564, 1.0, 0.9819340705871582, 1.0, 0.997024416923523, 1.0, 0.911583423614502, 1.0, 0.9906482100486755, 1.0, 0.9385759830474854, 1.0, 0.9963868260383606, 1.0, 0.9385759830474854, 1.0, 0.989372968673706, 1.0, 0.9139213562011719, 1.0, 0.994473934173584, 1.0, 0.9804463386535645, 1.0, 0.9948990345001221, 1.0, 0.9925611019134521, 1.0, 0.8609989285469055, 1.0, 0.9957491755485535, 1.0, 0.9963868260383606, 1.0, 0.8699256181716919, 1.0, 0.9895855188369751, 1.0, 0.9551540613174438, 1.0, 0.9821466207504272, 1.0, 0.997236967086792, 1.0, 0.997449517250061, 1.0], "steps": [50, 100, 150, 200, 250, 300, 350, 400, 450, 500, 550, 600, 650, 700, 750, 800, 850, 900, 950, 1000, 1050, 1100, 1150, 1200, 1250, 1300, 1350, 1400, 1450, 1500, 1550, 1600, 1650, 1700, 1750, 1800, 1850, 1900, 1950, 2000, 2050, 2100, 2150, 2200, 2250, 2300, 2350, 2400, 2450, 2500, 2550, 2600, 2650, 2700, 2750, 2800, 2850, 2900, 2950, 3000, 3050, 3100, 3150, 3200, 3250, 3300, 3350, 3400, 3450, 3500, 3550]}