{"train_loss": [4.5575714111328125, 4.503226280212402, 4.3656229972839355, 4.150138854980469, 3.859433174133301, 3.2839181423187256, 1.9760360717773438, 0.8010727763175964, 0.3461190462112427, 4.886881351470947, 0.4552095830440521, 0.20631003379821777, 0.13871093094348907, 0.1036560982465744, 0.0838455781340599, 0.07580804079771042, 0.07149914652109146, 0.07245179265737534, 0.08494540303945541, 4.745739936828613, 0.14456291496753693, 0.08361754566431046, 0.07455618679523468, 0.07073657959699631, 0.06824596226215363, 0.06648236513137817, 0.06514179706573486, 0.4200736880302429, 0.07010935992002487, 4.499935150146484, 0.13380804657936096, 0.07882490754127502, 0.0699482187628746, 0.06612567603588104, 0.06411367654800415, 0.06324519217014313, 0.06289862841367722, 0.25594422221183777, 0.06054204702377319, 4.636291027069092, 0.11643295735120773, 0.06826458126306534, 0.06443316489458084, 0.06338538974523544, 0.06297843903303146, 0.06264088302850723, 0.06274917721748352, 1.0617440938949585, 0.06205394119024277, 4.844249725341797, 0.14486205577850342, 0.07011721283197403, 0.06174091249704361, 0.05887759476900101, 0.0579410158097744, 0.05757523700594902, 0.05743313580751419, 0.06015211343765259, 0.10358110815286636, 4.024134635925293, 0.11143121123313904, 0.06733608990907669, 0.06170942261815071, 0.059410132467746735, 0.05830743908882141, 0.057879842817783356, 0.05844327062368393, 0.059196848422288895, 0.10114780813455582, 4.295464992523193, 0.11652890592813492, 0.06248572841286659], "test_loss": [4.61775016784668, 4.708271503448486, 5.058665752410889, 5.387360572814941, 5.393862247467041, 5.107571125030518, 3.5525882244110107, 1.825080156326294, 0.9696452021598816, 5.071898937225342, 0.6517634391784668, 0.32041671872138977, 0.21690988540649414, 0.15735958516597748, 0.12100379914045334, 0.10487959533929825, 0.09496346116065979, 0.0923524722456932, 0.1044146716594696, 4.736198425292969, 0.1669093668460846, 0.09488486498594284, 0.08386357873678207, 0.07894384860992432, 0.07569518685340881, 0.07337911427021027, 0.07158200442790985, 0.4476046860218048, 0.07873522490262985, 4.5576171875, 0.15263262391090393, 0.08719421923160553, 0.07647330313920975, 0.07183830440044403, 0.06914399564266205, 0.0678672045469284, 0.0673782005906105, 0.28565946221351624, 0.06681931763887405, 4.629819393157959, 0.1297023594379425, 0.07390146702528, 0.06902510672807693, 0.0674545094370842, 0.06681602448225021, 0.06640922278165817, 0.06639445573091507, 1.0962225198745728, 0.06956055760383606, 4.910659313201904, 0.16221719980239868, 0.07597626745700836, 0.0660901740193367, 0.06258085370063782, 0.06137436628341675, 0.060842692852020264, 0.06048326566815376, 0.06326839327812195, 0.11852117627859116, 4.05152702331543, 0.12653914093971252, 0.07428872585296631, 0.06702753901481628, 0.06384644657373428, 0.062209516763687134, 0.06146403029561043, 0.061916645616292953, 0.06247452273964882, 0.11753277480602264, 4.306039810180664, 0.13030079007148743, 0.06827514618635178], "train_acc": [0.0178571417927742, 0.027210883796215057, 0.04485544189810753, 0.08099489659070969, 0.15221087634563446, 0.31972789764404297, 0.6611394286155701, 0.9608843326568604, 0.9997873902320862, 0.017006803303956985, 0.9997873902320862, 1.0, 1.0, 1.0, 1.0, 1.0, 1.0, 1.0, 1.0, 0.027210883796215057, 1.0, 1.0, 1.0, 1.0, 1.0, 1.0, 1.0, 0.9878826141357422, 1.0, 0.05676020309329033, 1.0, 1.0, 1.0, 1.0, 1.0, 1.0, 1.0, 0.9989370703697205, 1.0, 0.025935374200344086, 1.0, 1.0, 1.0, 1.0, 1.0, 1.0, 1.0, 0.8273809552192688, 1.0, 0.0357142835855484, 1.0, 1.0, 1.0, 1.0, 1.0, 1.0, 1.0, 1.0, 1.0, 0.10459183156490326, 1.0, 1.0, 1.0, 1.0, 1.0, 1.0, 1.0, 1.0, 1.0, 0.0461309514939785, 1.0, 1.0], "test_acc": [0.004463336896151304, 0.0031880976166576147, 0.001487778965383768, 0.0006376195233315229, 0.002125398488715291, 0.011902231723070145, 0.1579171121120453, 0.5383634567260742, 0.8089266419410706, 0.013390010222792625, 0.9844845533370972, 0.9991497993469238, 1.0, 1.0, 1.0, 1.0, 1.0, 1.0, 1.0, 0.023591922596096992, 1.0, 1.0, 1.0, 1.0, 1.0, 1.0, 1.0, 0.9876726865768433, 1.0, 0.05738575756549835, 1.0, 1.0, 1.0, 1.0, 1.0, 1.0, 1.0, 0.9980871081352234, 1.0, 0.025717321783304214, 1.0, 1.0, 1.0, 1.0, 1.0, 1.0, 1.0, 0.8227417469024658, 1.0, 0.024867162108421326, 1.0, 1.0, 1.0, 1.0, 1.0, 1.0, 1.0, 1.0, 0.9995748996734619, 0.09734325110912323, 0.9995748996734619, 1.0, 1.0, 1.0, 1.0, 1.0, 1.0, 1.0, 0.9993623495101929, 0.04357066750526428, 1.0, 1.0], "steps": [50, 100, 150, 200, 250, 300, 350, 400, 450, 500, 550, 600, 650, 700, 750, 800, 850, 900, 950, 1000, 1050, 1100, 1150, 1200, 1250, 1300, 1350, 1400, 1450, 1500, 1550, 1600, 1650, 1700, 1750, 1800, 1850, 1900, 1950, 2000, 2050, 2100, 2150, 2200, 2250, 2300, 2350, 2400, 2450, 2500, 2550, 2600, 2650, 2700, 2750, 2800, 2850, 2900, 2950, 3000, 3050, 3100, 3150, 3200, 3250, 3300, 3350, 3400, 3450, 3500, 3550, 3600]}