{"train_loss": [4.554015636444092, 4.530661582946777, 4.344586372375488, 4.312346458435059, 3.8469438552856445, 3.9486749172210693, 2.6211512088775635, 3.074669361114502, 0.7720112800598145, 2.546096086502075, 0.11938679218292236, 1.913390040397644, 0.07504434883594513, 1.5073425769805908, 0.061539728194475174, 1.7127563953399658, 0.055954284965991974, 2.1568307876586914, 0.050673872232437134, 1.9382573366165161, 0.04708893969655037, 2.2486836910247803, 0.04535255953669548, 1.7412054538726807, 0.04342598840594292, 1.4233447313308716, 0.042311981320381165, 2.2462968826293945, 0.04211552068591118, 1.5069681406021118, 0.038555808365345, 1.7707278728485107, 0.037629783153533936, 1.7137125730514526, 0.036591339856386185, 2.0147855281829834, 0.03585924580693245, 1.8142579793930054, 0.0350523442029953, 1.6449356079101562, 0.032784268260002136, 1.9541667699813843, 0.03367479890584946, 1.7163987159729004, 0.03160463273525238, 2.0347139835357666, 0.03005334548652172, 1.5845950841903687, 0.030054014176130295, 2.026606321334839, 0.028961583971977234, 1.3569309711456299, 0.028605911880731583, 1.9447338581085205, 0.029130345210433006, 1.5872348546981812, 0.02810877189040184, 1.766541600227356, 0.02753257192671299, 1.7956764698028564, 0.02701004594564438, 1.8361696004867554, 0.02675785683095455, 1.5765736103057861, 0.025988614186644554, 1.3256468772888184, 0.0256336759775877, 1.9513190984725952, 0.026026155799627304, 1.6307700872421265, 0.024794496595859528], "test_loss": [4.620890140533447, 4.824075222015381, 5.137327671051025, 5.358071804046631, 5.45946741104126, 5.250545978546143, 4.75813627243042, 4.287035942077637, 2.1925852298736572, 3.2606847286224365, 0.3358616828918457, 2.3269143104553223, 0.14963257312774658, 1.7857656478881836, 0.10098414868116379, 1.9538406133651733, 0.08092702925205231, 2.2783350944519043, 0.06743645668029785, 2.0500597953796387, 0.05951029062271118, 2.343097448348999, 0.055477455258369446, 1.838891863822937, 0.051831312477588654, 1.517738938331604, 0.04919710010290146, 2.3108062744140625, 0.04918818548321724, 1.565183401107788, 0.04415665194392204, 1.826952338218689, 0.04295778274536133, 1.795381784439087, 0.0413324311375618, 2.0832812786102295, 0.040647558867931366, 1.8813612461090088, 0.03952071815729141, 1.6871105432510376, 0.03663070499897003, 1.948914647102356, 0.037701163440942764, 1.7747151851654053, 0.03525858372449875, 2.092057228088379, 0.033639103174209595, 1.5998005867004395, 0.033884696662425995, 2.0592193603515625, 0.03226686269044876, 1.3922964334487915, 0.031959548592567444, 1.975247859954834, 0.03251626342535019, 1.6325218677520752, 0.03117123804986477, 1.797011137008667, 0.030680278316140175, 1.8422057628631592, 0.030141890048980713, 1.856810212135315, 0.029855091124773026, 1.6646708250045776, 0.029122669249773026, 1.3649629354476929, 0.02857302874326706, 1.9951682090759277, 0.029117446392774582, 1.6860132217407227, 0.02778692916035652], "train_acc": [0.017219386994838715, 0.017431972548365593, 0.0431547611951828, 0.045705780386924744, 0.13562925159931183, 0.09332482516765594, 0.47810372710227966, 0.2542516887187958, 0.9581207036972046, 0.3520407974720001, 1.0, 0.5367771983146667, 1.0, 0.6934523582458496, 1.0, 0.637117326259613, 1.0, 0.46534863114356995, 1.0, 0.48384353518486023, 1.0, 0.41496598720550537, 1.0, 0.6033163070678711, 1.0, 0.8056972622871399, 1.0, 0.4034864008426666, 1.0, 0.7285289168357849, 1.0, 0.6198979616165161, 1.0, 0.6179846525192261, 1.0, 0.4902210831642151, 1.0, 0.5440050959587097, 1.0, 0.6624149680137634, 1.0, 0.5252975821495056, 1.0, 0.6717686653137207, 1.0, 0.5826955437660217, 1.0, 0.6800594925880432, 1.0, 0.5063775181770325, 1.0, 0.7895408272743225, 1.0, 0.5310373902320862, 1.0, 0.7011054158210754, 1.0, 0.605654776096344, 1.0, 0.5969387888908386, 1.0, 0.5693027377128601, 1.0, 0.6906887888908386, 1.0, 0.8071853518486023, 1.0, 0.5297619104385376, 1.0, 0.65625, 1.0], "test_acc": [0.006163655314594507, 0.0038257171399891376, 0.0017003187676891685, 0.0008501593838445842, 0.0004250796919222921, 0.005526036024093628, 0.02210414409637451, 0.044845908880233765, 0.4535600244998932, 0.17853346467018127, 0.9936237931251526, 0.3910733163356781, 1.0, 0.5919234752655029, 1.0, 0.5379383563995361, 1.0, 0.4225292205810547, 1.0, 0.4514346420764923, 1.0, 0.3772582411766052, 1.0, 0.5759829878807068, 1.0, 0.7708820104598999, 1.0, 0.38087141513824463, 1.0, 0.7049946784973145, 1.0, 0.5889478921890259, 1.0, 0.5838469862937927, 1.0, 0.47226354479789734, 1.0, 0.5336875319480896, 1.0, 0.6552603244781494, 1.0, 0.513921320438385, 1.0, 0.65164715051651, 1.0, 0.5547289848327637, 1.0, 0.6767268776893616, 1.0, 0.4892667233943939, 1.0, 0.7795961499214172, 1.0, 0.5173220038414001, 1.0, 0.6763017773628235, 1.0, 0.5982996821403503, 1.0, 0.5793836116790771, 1.0, 0.5549415349960327, 1.0, 0.6556854248046875, 1.0, 0.789585530757904, 1.0, 0.519234836101532, 1.0, 0.6401700377464294, 1.0], "steps": [50, 100, 150, 200, 250, 300, 350, 400, 450, 500, 550, 600, 650, 700, 750, 800, 850, 900, 950, 1000, 1050, 1100, 1150, 1200, 1250, 1300, 1350, 1400, 1450, 1500, 1550, 1600, 1650, 1700, 1750, 1800, 1850, 1900, 1950, 2000, 2050, 2100, 2150, 2200, 2250, 2300, 2350, 2400, 2450, 2500, 2550, 2600, 2650, 2700, 2750, 2800, 2850, 2900, 2950, 3000, 3050, 3100, 3150, 3200, 3250, 3300, 3350, 3400, 3450, 3500, 3550]}